数据库类型		数据名称				描述对象	数据性质	提示词内容	数据描述	应用	可组合结构	数据来源	时效周期	应用类型标签
商业数据库	宏观数据库	经济增长数据			生产总值	供给端	定量数据	"1、查询xx国家的生产总值数据
2、查询xx地区的生产总值数据
3、查询xx国家与xx国家的生产总值对比数据
4、查询xx地区与xx地区的生产总值数据"	反映宏观经济中生产总值的统计指标数据		全球-国家,全球-国家vs国家,全球-地区vs地区,国家-地区,国家-地区vs地区	中国国家统计局,世界银行,国际货币基金组织IMF,联合国统计局UNSD,经济合作与发展组织OECD	年	经济
商业数据库	宏观数据库	经济增长数据			实际GDP	供给端	定量数据	"1、查询xx国家的生产总值数据
2、查询xx地区的生产总值数据
3、查询xx国家与xx国家的生产总值对比数据
4、查询xx地区与xx地区的生产总值数据"	反映宏观经济中实际GDP的统计指标数据		全球-国家,全球-国家vs国家,全球-地区vs地区,国家-地区,国家-地区vs地区	中国国家统计局,世界银行,国际货币基金组织IMF,联合国统计局UNSD,经济合作与发展组织OECD	年/季	经济
商业数据库	宏观数据库	经济增长数据			GDP增长率	供给端	定量数据	"1、查询xx国家的GDP增长率数据
2、查询xx地区的GDP增长率数据
3、查询xx国家与xx国家的GDP增长率对比数据
4、查询xx地区与xx地区的GDP增长率数据"	反映宏观经济中GDP增长率的统计指标数据		全球-国家,全球-国家vs国家,全球-地区vs地区,国家-地区,国家-地区vs地区	中国国家统计局,世界银行,国际货币基金组织IMF,联合国统计局UNSD,经济合作与发展组织OECD	年/季	经济
商业数据库	宏观数据库	经济增长数据			人均GDP	供给端	定量数据	"1、查询xx国家的人均GDP数据
2、查询xx地区的人均GDP数据
3、查询xx国家与xx国家的人均GDP对比数据
4、查询xx地区与xx地区的人均GDP数据"	反映宏观经济中人均GDP的统计指标数据		全球-国家,全球-国家vs国家,全球-地区vs地区,国家-地区,国家-地区vs地区	中国国家统计局,世界银行,国际货币基金组织IMF,联合国统计局UNSD,经济合作与发展组织OECD	年/季	经济
商业数据库	宏观数据库	就业和劳动力市场数据			失业率	供给/消费	定量数据	"1、查询xx国家的失业率数据
2、查询xx地区的失业率数据
3、查询xx国家与xx国家的失业率对比数据
4、查询xx地区与xx地区的失业率数据"	反映宏观经济中失业率的统计指标数据			中国国家统计局,国际劳工组织ILO,美国劳工统计局BLS,OECD	月/季	就业
商业数据库	宏观数据库	就业和劳动力市场数据			非农业就业人数	供给/消费	定量数据	"1、查询xx国家的非农业就业人数数据
2、查询xx地区的非农业就业人数数据
3、查询xx国家与xx国家的非农业就业人数对比数据
4、查询xx地区与xx地区的非农业就业人数数据"	反映宏观经济中非农业就业人数的统计指标数据			中国国家统计局,国际劳工组织ILO,美国劳工统计局BLS,OECD	月/季	就业
商业数据库	宏观数据库	就业和劳动力市场数据			劳动参与率	供给/消费	定量数据	"1、查询xx国家的劳动参与率数据
2、查询xx地区的劳动参与率数据
3、查询xx国家与xx国家的劳动参与率对比数据
4、查询xx地区与xx地区的劳动参与率数据"	反映宏观经济中劳动参与率的统计指标数据			中国国家统计局,国际劳工组织ILO,美国劳工统计局BLS,OECD	月/季	就业
商业数据库	宏观数据库	就业和劳动力市场数据			平均小时工资	消费端	定量数据	"1、查询xx国家的平均小时工资数据
2、查询xx地区的平均小时工资数据
3、查询xx国家与xx国家的平均小时工资对比数据
4、查询xx地区与xx地区的平均小时工资数据"	反映宏观经济中平均小时工资的统计指标数据			中国国家统计局,国际劳工组织ILO,美国劳工统计局BLS,OECD	月/季	就业
商业数据库	宏观数据库	人口数据			人口总数	供给端	定量数据	"1、查询xx国家的人口总数数据
2、查询xx地区的人口总数数据
3、查询xx国家与xx国家的人口总数对比数据
4、查询xx地区与xx地区的人口总数数据"	反映宏观经济中人口总数的统计指标数据			中国国家统计局,联合国人口司,世界银行	年	人口
商业数据库	宏观数据库	人口数据			人口增长率	供给端	定量数据	"1、查询xx国家的人口增长率数据
2、查询xx地区的人口增长率数据
3、查询xx国家与xx国家的人口增长率对比数据
4、查询xx地区与xx地区的人口增长率数据"	反映宏观经济中人口增长率的统计指标数据			中国国家统计局,联合国人口司,世界银行	年	人口
商业数据库	宏观数据库	人口数据			年龄结构	供给端	定量数据	"1、查询xx国家的年龄结构数据
2、查询xx地区的年龄结构数据
3、查询xx国家与xx国家的年龄结构对比数据
4、查询xx地区与xx地区的年龄结构数据"	反映宏观经济中年龄结构的统计指标数据			中国国家统计局,联合国人口司,世界银行	年	人口
商业数据库	宏观数据库	人口数据			性别比例	消费端	定量数据	"1、查询xx国家的性别比例数据
2、查询xx地区的性别比例数据
3、查询xx国家与xx国家的性别比例对比数据
4、查询xx地区与xx地区的性别比例数据"	反映宏观经济中性别比例的统计指标数据			中国国家统计局,联合国人口司,世界银行	年	人口
商业数据库	宏观数据库	人口数据			出生率	消费端	定量数据	"1、查询xx国家的出生率数据
2、查询xx地区的出生率数据
3、查询xx国家与xx国家的出生率对比数据
4、查询xx地区与xx地区的出生率数据"	反映宏观经济中出生率的统计指标数据			中国国家统计局,联合国人口司,世界银行	年	人口
商业数据库	宏观数据库	人口数据			死亡率	消费端	定量数据	"1、查询xx国家的死亡率数据
2、查询xx地区的死亡率数据
3、查询xx国家与xx国家的死亡率对比数据
4、查询xx地区与xx地区的死亡率数据"	反映宏观经济中死亡率的统计指标数据			中国国家统计局,联合国人口司,世界银行	年	人口
商业数据库	宏观数据库	人口数据			迁移数据	消费端	定量数据	"1、查询xx国家的迁移数据数据
2、查询xx地区的迁移数据数据
3、查询xx国家与xx国家的迁移数据对比数据
4、查询xx地区与xx地区的迁移数据数据"	反映宏观经济中迁移数据的统计指标数据			中国国家统计局,联合国人口司,世界银行	年	人口
商业数据库	宏观数据库	城市数据			城市总人口	供给端	定量数据	"1、查询xx国家的城市总人口数据
2、查询xx地区的城市总人口数据
3、查询xx国家与xx国家的城市总人口对比数据
4、查询xx地区与xx地区的城市总人口数据"	反映宏观经济中城市总人口的统计指标数据			中国国家统计局,住建部,联合国人居署UN-Habitat	年	城市
商业数据库	宏观数据库	城市数据			城市人口增长率	供给端	定量数据	"1、查询xx国家的城市人口增长率数据
2、查询xx地区的城市人口增长率数据
3、查询xx国家与xx国家的城市人口增长率对比数据
4、查询xx地区与xx地区的城市人口增长率数据"	反映宏观经济中城市人口增长率的统计指标数据			中国国家统计局,住建部,联合国人居署UN-Habitat	年	城市
商业数据库	宏观数据库	城市数据			城市化率	消费端	定量数据	"1、查询xx国家的城市化率数据
2、查询xx地区的城市化率数据
3、查询xx国家与xx国家的城市化率对比数据
4、查询xx地区与xx地区的城市化率数据"	反映宏观经济中城市化率的统计指标数据			中国国家统计局,住建部,联合国人居署UN-Habitat	年	城市
商业数据库	宏观数据库	城市数据			城市地区生产总值	消费端	定量数据	"1、查询xx国家的城市地区生产总值数据
2、查询xx地区的城市地区生产总值数据
3、查询xx国家与xx国家的城市地区生产总值对比数据
4、查询xx地区与xx地区的城市地区生产总值数据"	反映宏观经济中城市地区生产总值的统计指标数据			中国国家统计局,住建部,联合国人居署UN-Habitat	年	城市
商业数据库	宏观数据库	城市数据			城市失业率	消费端	定量数据	"1、查询xx国家的城市失业率数据
2、查询xx地区的城市失业率数据
3、查询xx国家与xx国家的城市失业率对比数据
4、查询xx地区与xx地区的城市失业率数据"	反映宏观经济中城市失业率的统计指标数据			中国国家统计局,住建部,联合国人居署UN-Habitat	年	城市
商业数据库	宏观数据库	城市数据			城市贫困率	消费端	定量数据	"1、查询xx国家的城市贫困率数据
2、查询xx地区的城市贫困率数据
3、查询xx国家与xx国家的城市贫困率对比数据
4、查询xx地区与xx地区的城市贫困率数据"	反映宏观经济中城市贫困率的统计指标数据			中国国家统计局,住建部,联合国人居署UN-Habitat	年	城市
商业数据库	宏观数据库	城市数据			城市房价	消费端	定量数据	"1、查询xx国家的城市房价数据
2、查询xx地区的城市房价数据
3、查询xx国家与xx国家的城市房价对比数据
4、查询xx地区与xx地区的城市房价数据"	反映宏观经济中城市房价的统计指标数据			中国国家统计局,住建部,联合国人居署UN-Habitat	年	城市
商业数据库	宏观数据库	城市数据			城市基础设施	供给端	定量数据	"1、查询xx国家的城市基础设施数据
2、查询xx地区的城市基础设施数据
3、查询xx国家与xx国家的城市基础设施对比数据
4、查询xx地区与xx地区的城市基础设施数据"	反映宏观经济中城市基础设施的统计指标数据			中国国家统计局,住建部,联合国人居署UN-Habitat	年	城市
商业数据库	宏观数据库	城市数据			城市环境数据	消费端	定量数据	"1、查询xx国家的城市环境数据数据
2、查询xx地区的城市环境数据数据
3、查询xx国家与xx国家的城市环境数据对比数据
4、查询xx地区与xx地区的城市环境数据数据"	反映宏观经济中城市环境数据的统计指标数据			中国国家统计局,住建部,联合国人居署UN-Habitat	年	城市
商业数据库	宏观数据库	城市数据			产业结构	供给端	定量数据	"1、查询xx国家的产业结构数据
2、查询xx地区的产业结构数据
3、查询xx国家与xx国家的产业结构对比数据
4、查询xx地区与xx地区的产业结构数据"	反映宏观经济中产业结构的统计指标数据			中国国家统计局,住建部,联合国人居署UN-Habitat	年	城市
商业数据库	宏观数据库	城市数据			国家宏观定位	供给端	定性数据	"1、查询xx国家的国家宏观定位数据
2、查询xx地区的国家宏观定位数据
3、查询xx国家与xx国家的国家宏观定位对比数据
4、查询xx地区与xx地区的国家宏观定位数据"	反映宏观经济中国家宏观定位的统计指标数据			中国国家统计局,住建部,联合国人居署UN-Habitat	年	城市
商业数据库	宏观数据库	产业数据			产业规模	供给端	定量数据	"1、查询xx国家的产业规模数据
2、查询xx地区的产业规模数据
3、查询xx国家与xx国家的产业规模对比数据
4、查询xx地区与xx地区的产业规模数据"	反映宏观经济中产业规模的统计指标数据			中国国家统计局,工信部,世界银行,OECD	年/季	产业
商业数据库	宏观数据库	产业数据			产业增长	供给端	定量数据	"1、查询xx国家的产业增长数据
2、查询xx地区的产业增长数据
3、查询xx国家与xx国家的产业增长对比数据
4、查询xx地区与xx地区的产业增长数据"	反映宏观经济中产业增长的统计指标数据			中国国家统计局,工信部,世界银行,OECD	年/季	产业
商业数据库	宏观数据库	产业数据			产业结构	供给端	定性/定量	"1、查询xx国家的产业结构数据
2、查询xx地区的产业结构数据
3、查询xx国家与xx国家的产业结构对比数据
4、查询xx地区与xx地区的产业结构数据"	反映宏观经济中产业结构的统计指标数据			中国国家统计局,工信部,世界银行,OECD	年/季	产业
商业数据库	宏观数据库	产业数据			就业情况	供给端	定性/定量	"1、查询xx国家的就业情况数据
2、查询xx地区的就业情况数据
3、查询xx国家与xx国家的就业情况对比数据
4、查询xx地区与xx地区的就业情况数据"	反映宏观经济中就业情况的统计指标数据			中国国家统计局,工信部,世界银行,OECD	年/季	产业
商业数据库	宏观数据库	产业数据			产业政策	供给端	定性数据	"1、查询xx国家的产业政策数据
2、查询xx地区的产业政策数据
3、查询xx国家与xx国家的产业政策对比数据
4、查询xx地区与xx地区的产业政策数据"	反映宏观经济中产业政策的统计指标数据			中国国家统计局,工信部,世界银行,OECD	年/季	产业
商业数据库	宏观数据库	政府财政数据			政府预算余额	消费端	定量数据	"1、查询xx国家的政府预算余额数据
2、查询xx地区的政府预算余额数据
3、查询xx国家与xx国家的政府预算余额对比数据
4、查询xx地区与xx地区的政府预算余额数据"	反映宏观经济中政府预算余额的统计指标数据			中国财政部,世界银行,IMF财政监测	年/季	财政
商业数据库	宏观数据库	政府财政数据			公共债务	供给端	定量数据	"1、查询xx国家的公共债务数据
2、查询xx地区的公共债务数据
3、查询xx国家与xx国家的公共债务对比数据
4、查询xx地区与xx地区的公共债务数据"	反映宏观经济中公共债务的统计指标数据			中国财政部,世界银行,IMF财政监测	年/季	财政
商业数据库	宏观数据库	政府财政数据			政府支出	供给端	定量数据	"1、查询xx国家的政府支出数据
2、查询xx地区的政府支出数据
3、查询xx国家与xx国家的政府支出对比数据
4、查询xx地区与xx地区的政府支出数据"	反映宏观经济中政府支出的统计指标数据			中国财政部,世界银行,IMF财政监测	年/季	财政
商业数据库	宏观数据库	政府财政数据			政府收入	供给/消费	定量数据	"1、查询xx国家的政府收入数据
2、查询xx地区的政府收入数据
3、查询xx国家与xx国家的政府收入对比数据
4、查询xx地区与xx地区的政府收入数据"	反映宏观经济中政府收入的统计指标数据			中国财政部,世界银行,IMF财政监测	年/季	财政
商业数据库	宏观数据库	生产和业务活动数据			工业生产指数	供给端	定量数据	"1、查询xx国家的工业生产指数数据
2、查询xx地区的工业生产指数数据
3、查询xx国家与xx国家的工业生产指数对比数据
4、查询xx地区与xx地区的工业生产指数数据"	反映宏观经济中工业生产指数的统计指标数据		全球-国家,全球-国家vs国家,全球-地区vs地区,国家-地区,国家-地区vs地区	中国国家统计局,工信部,Markit/标普全球	月	生产
商业数据库	宏观数据库	生产和业务活动数据			制造业采购经理指数	供给/消费	定量数据	"1、查询xx国家的制造业采购经理指数数据
2、查询xx地区的制造业采购经理指数数据
3、查询xx国家与xx国家的制造业采购经理指数对比数据
4、查询xx地区与xx地区的制造业采购经理指数数据"	反映宏观经济中制造业采购经理指数的统计指标数据		全球-国家,全球-国家vs国家,全球-地区vs地区,国家-地区,国家-地区vs地区	中国国家统计局,工信部,Markit/标普全球	月	生产
商业数据库	宏观数据库	生产和业务活动数据			劳动生产率	供给端	定量数据	"1、查询xx国家的劳动生产率数据
2、查询xx地区的劳动生产率数据
3、查询xx国家与xx国家的劳动生产率对比数据
4、查询xx地区与xx地区的劳动生产率数据"	反映宏观经济中劳动生产率的统计指标数据		全球-国家,全球-国家vs国家,全球-地区vs地区,国家-地区,国家-地区vs地区	中国国家统计局,工信部,Markit/标普全球	月	生产
商业数据库	宏观数据库	生产和业务活动数据			产能利用率	供给端	定量数据	"1、查询xx国家的产能利用率数据
2、查询xx地区的产能利用率数据
3、查询xx国家与xx国家的产能利用率对比数据
4、查询xx地区与xx地区的产能利用率数据"	反映宏观经济中产能利用率的统计指标数据		全球-国家,全球-国家vs国家,全球-地区vs地区,国家-地区,国家-地区vs地区	中国国家统计局,工信部,Markit/标普全球	月	生产
商业数据库	宏观数据库	生产和业务活动数据			生产者物价指数	供给端	定量数据	"1、查询xx国家的生产者物价指数数据
2、查询xx地区的生产者物价指数数据
3、查询xx国家与xx国家的生产者物价指数对比数据
4、查询xx地区与xx地区的生产者物价指数数据"	反映宏观经济中生产者物价指数的统计指标数据		全球-国家,全球-国家vs国家,全球-地区vs地区,国家-地区,国家-地区vs地区	中国国家统计局,工信部,Markit/标普全球	月	生产
商业数据库	宏观数据库	价格和通胀数据			cpi消费者物价指数	消费端	定量数据	"1、查询xx国家的cpi消费者物价指数数据
2、查询xx地区的cpi消费者物价指数数据
3、查询xx国家与xx国家的cpi消费者物价指数对比数据
4、查询xx地区与xx地区的cpi消费者物价指数数据"	反映宏观经济中cpi消费者物价指数的统计指标数据		全球-国家,全球-国家vs国家,全球-地区vs地区,国家-地区,国家-地区vs地区	中国国家统计局,美国劳工统计局BLS,世界银行	月	价格
商业数据库	宏观数据库	价格和通胀数据			生产者物价指数	供给端	定量数据	"1、查询xx国家的生产者物价指数数据
2、查询xx地区的生产者物价指数数据
3、查询xx国家与xx国家的生产者物价指数对比数据
4、查询xx地区与xx地区的生产者物价指数数据"	反映宏观经济中生产者物价指数的统计指标数据		全球-国家,全球-国家vs国家,全球-地区vs地区,国家-地区,国家-地区vs地区	中国国家统计局,美国劳工统计局BLS,世界银行	月	价格
商业数据库	宏观数据库	价格和通胀数据			核心CPI	消费端	定量数据	"1、查询xx国家的核心CPI数据
2、查询xx地区的核心CPI数据
3、查询xx国家与xx国家的核心CPI对比数据
4、查询xx地区与xx地区的核心CPI数据"	反映宏观经济中核心CPI的统计指标数据		全球-国家,全球-国家vs国家,全球-地区vs地区,国家-地区,国家-地区vs地区	中国国家统计局,美国劳工统计局BLS,世界银行	月	价格
商业数据库	宏观数据库	价格和通胀数据			通货膨胀率	消费端	定量数据	"1、查询xx国家的通货膨胀率数据
2、查询xx地区的通货膨胀率数据
3、查询xx国家与xx国家的通货膨胀率对比数据
4、查询xx地区与xx地区的通货膨胀率数据"	反映宏观经济中通货膨胀率的统计指标数据		全球-国家,全球-国家vs国家,全球-地区vs地区,国家-地区,国家-地区vs地区	中国国家统计局,美国劳工统计局BLS,世界银行	月	价格
商业数据库	宏观数据库	货币和金融指标			利率	消费端	定量数据	"1、查询xx国家的利率数据
2、查询xx地区的利率数据
3、查询xx国家与xx国家的利率对比数据
4、查询xx地区与xx地区的利率数据"	反映宏观经济中利率的统计指标数据		全球-国家,全球-国家vs国家,全球-地区vs地区,国家-地区,国家-地区vs地区	中国人民银行,美联储,世界银行,BIS国际清算银行	日/月	金融
商业数据库	宏观数据库	货币和金融指标			货币供应量	供给端	定量数据	"1、查询xx国家的货币供应量数据
2、查询xx地区的货币供应量数据
3、查询xx国家与xx国家的货币供应量对比数据
4、查询xx地区与xx地区的货币供应量数据"	反映宏观经济中货币供应量的统计指标数据		全球-国家,全球-国家vs国家,全球-地区vs地区,国家-地区,国家-地区vs地区	中国人民银行,美联储,世界银行,BIS国际清算银行	日/月	金融
商业数据库	宏观数据库	货币和金融指标			股市指数	消费端	定量数据	"1、查询xx国家的股市指数数据
2、查询xx地区的股市指数数据
3、查询xx国家与xx国家的股市指数对比数据
4、查询xx地区与xx地区的股市指数数据"	反映宏观经济中股市指数的统计指标数据		全球-国家,全球-国家vs国家,全球-地区vs地区,国家-地区,国家-地区vs地区	中国人民银行,美联储,世界银行,BIS国际清算银行	日/月	金融
商业数据库	宏观数据库	货币和金融指标			债券收益率	消费端	定量数据	"1、查询xx国家的债券收益率数据
2、查询xx地区的债券收益率数据
3、查询xx国家与xx国家的债券收益率对比数据
4、查询xx地区与xx地区的债券收益率数据"	反映宏观经济中债券收益率的统计指标数据		全球-国家,全球-国家vs国家,全球-地区vs地区,国家-地区,国家-地区vs地区	中国人民银行,美联储,世界银行,BIS国际清算银行	日/月	金融
商业数据库	宏观数据库	贸易和国际经济数据			出口与进口	供给/消费	定量数据	"1、查询xx国家的出口与进口数据
2、查询xx地区的出口与进口数据
3、查询xx国家与xx国家的出口与进口对比数据
4、查询xx地区与xx地区的出口与进口数据"	反映宏观经济中出口与进口的统计指标数据		全球-国家,全球-国家vs国家,全球-地区vs地区,国家-地区,国家-地区vs地区	中国海关总署,WTO,联合国贸发会议UNCTAD,世界银行	月/季	贸易
商业数据库	宏观数据库	贸易和国际经济数据			贸易差额	消费端	定量数据	"1、查询xx国家的贸易差额数据
2、查询xx地区的贸易差额数据
3、查询xx国家与xx国家的贸易差额对比数据
4、查询xx地区与xx地区的贸易差额数据"	反映宏观经济中贸易差额的统计指标数据		全球-国家,全球-国家vs国家,全球-地区vs地区,国家-地区,国家-地区vs地区	中国海关总署,WTO,联合国贸发会议UNCTAD,世界银行	月/季	贸易
商业数据库	宏观数据库	贸易和国际经济数据			贸易和国际经济数据	供给/消费	定量数据	"1、查询xx国家的贸易和国际经济数据数据
2、查询xx地区的贸易和国际经济数据数据
3、查询xx国家与xx国家的贸易和国际经济数据对比数据
4、查询xx地区与xx地区的贸易和国际经济数据数据"	反映宏观经济中贸易和国际经济数据的统计指标数据		全球-国家,全球-国家vs国家,全球-地区vs地区,国家-地区,国家-地区vs地区	中国海关总署,WTO,联合国贸发会议UNCTAD,世界银行	月/季	贸易
商业数据库	宏观数据库	贸易和国际经济数据			外汇储备	消费端	定量数据	"1、查询xx国家的外汇储备数据
2、查询xx地区的外汇储备数据
3、查询xx国家与xx国家的外汇储备对比数据
4、查询xx地区与xx地区的外汇储备数据"	反映宏观经济中外汇储备的统计指标数据		全球-国家,全球-国家vs国家,全球-地区vs地区,国家-地区,国家-地区vs地区	中国海关总署,WTO,联合国贸发会议UNCTAD,世界银行	月/季	贸易
商业数据库	宏观数据库	贸易和国际经济数据			当前账户余额	供给/消费	定量数据	"1、查询xx国家的当前账户余额数据
2、查询xx地区的当前账户余额数据
3、查询xx国家与xx国家的当前账户余额对比数据
4、查询xx地区与xx地区的当前账户余额数据"	反映宏观经济中当前账户余额的统计指标数据		全球-国家,全球-国家vs国家,全球-地区vs地区,国家-地区,国家-地区vs地区	中国海关总署,WTO,联合国贸发会议UNCTAD,世界银行	月/季	贸易
商业数据库	宏观数据库	贸易和国际经济数据			外国直接投资	供给/消费	定量数据	"1、查询xx国家的外国直接投资数据
2、查询xx地区的外国直接投资数据
3、查询xx国家与xx国家的外国直接投资对比数据
4、查询xx地区与xx地区的外国直接投资数据"	反映宏观经济中外国直接投资的统计指标数据		全球-国家,全球-国家vs国家,全球-地区vs地区,国家-地区,国家-地区vs地区	中国海关总署,WTO,联合国贸发会议UNCTAD,世界银行	月/季	贸易
商业数据库	宏观数据库	投资数据			固定资本形成总额	供给端	定量数据	"1、查询xx国家的固定资本形成总额数据
2、查询xx地区的固定资本形成总额数据
3、查询xx国家与xx国家的固定资本形成总额对比数据
4、查询xx地区与xx地区的固定资本形成总额数据"	反映宏观经济中固定资本形成总额的统计指标数据		全球-国家,全球-国家vs国家,全球-地区vs地区,国家-地区,国家-地区vs地区	中国国家统计局,世界银行,UNCTAD,OECD	年/季	投资
商业数据库	宏观数据库	投资数据			私人投资	供给端	定量数据	"1、查询xx国家的私人投资数据
2、查询xx地区的私人投资数据
3、查询xx国家与xx国家的私人投资对比数据
4、查询xx地区与xx地区的私人投资数据"	反映宏观经济中私人投资的统计指标数据		全球-国家,全球-国家vs国家,全球-地区vs地区,国家-地区,国家-地区vs地区	中国国家统计局,世界银行,UNCTAD,OECD	年/季	投资
商业数据库	宏观数据库	投资数据			公共投资	供给端	定量数据	"1、查询xx国家的公共投资数据
2、查询xx地区的公共投资数据
3、查询xx国家与xx国家的公共投资对比数据
4、查询xx地区与xx地区的公共投资数据"	反映宏观经济中公共投资的统计指标数据		全球-国家,全球-国家vs国家,全球-地区vs地区,国家-地区,国家-地区vs地区	中国国家统计局,世界银行,UNCTAD,OECD	年/季	投资
商业数据库	宏观数据库	投资数据			外国直接投资	供给/消费	定量数据	"1、查询xx国家的外国直接投资数据
2、查询xx地区的外国直接投资数据
3、查询xx国家与xx国家的外国直接投资对比数据
4、查询xx地区与xx地区的外国直接投资数据"	反映宏观经济中外国直接投资的统计指标数据		全球-国家,全球-国家vs国家,全球-地区vs地区,国家-地区,国家-地区vs地区	中国国家统计局,世界银行,UNCTAD,OECD	年/季	投资
商业数据库	宏观数据库	投资数据			投资率	供给端	定量数据	"1、查询xx国家的投资率数据
2、查询xx地区的投资率数据
3、查询xx国家与xx国家的投资率对比数据
4、查询xx地区与xx地区的投资率数据"	反映宏观经济中投资率的统计指标数据		全球-国家,全球-国家vs国家,全球-地区vs地区,国家-地区,国家-地区vs地区	中国国家统计局,世界银行,UNCTAD,OECD	年/季	投资
商业数据库	宏观数据库	投资数据			研发投资	供给端	定量数据	"1、查询xx国家的研发投资数据
2、查询xx地区的研发投资数据
3、查询xx国家与xx国家的研发投资对比数据
4、查询xx地区与xx地区的研发投资数据"	反映宏观经济中研发投资的统计指标数据		全球-国家,全球-国家vs国家,全球-地区vs地区,国家-地区,国家-地区vs地区	中国国家统计局,世界银行,UNCTAD,OECD	年/季	投资
商业数据库	宏观数据库	消费和销售数据			零售销售额	消费端	定量数据	"1、查询xx国家的零售销售额数据
2、查询xx地区的零售销售额数据
3、查询xx国家与xx国家的零售销售额对比数据
4、查询xx地区与xx地区的零售销售额数据"	反映宏观经济中零售销售额的统计指标数据		全球-国家,全球-国家vs国家,全球-地区vs地区,国家-地区,国家-地区vs地区	中国国家统计局,商务部,尼尔森,欧睿Euromonitor	月/季	消费
商业数据库	宏观数据库	消费和销售数据			汽车销售	消费端	定量数据	"1、查询xx国家的汽车销售数据
2、查询xx地区的汽车销售数据
3、查询xx国家与xx国家的汽车销售对比数据
4、查询xx地区与xx地区的汽车销售数据"	反映宏观经济中汽车销售的统计指标数据		全球-国家,全球-国家vs国家,全球-地区vs地区,国家-地区,国家-地区vs地区	中国国家统计局,商务部,尼尔森,欧睿Euromonitor	月/季	消费
商业数据库	宏观数据库	消费和销售数据			消费者信心指数	消费端	定性数据	"1、查询xx国家的消费者信心指数数据
2、查询xx地区的消费者信心指数数据
3、查询xx国家与xx国家的消费者信心指数对比数据
4、查询xx地区与xx地区的消费者信心指数数据"	反映宏观经济中消费者信心指数的统计指标数据		全球-国家,全球-国家vs国家,全球-地区vs地区,国家-地区,国家-地区vs地区	中国国家统计局,商务部,尼尔森,欧睿Euromonitor	月/季	消费
商业数据库	宏观数据库	消费和销售数据			个人消费支出	消费端	定量数据	"1、查询xx国家的个人消费支出数据
2、查询xx地区的个人消费支出数据
3、查询xx国家与xx国家的个人消费支出对比数据
4、查询xx地区与xx地区的个人消费支出数据"	反映宏观经济中个人消费支出的统计指标数据		全球-国家,全球-国家vs国家,全球-地区vs地区,国家-地区,国家-地区vs地区	中国国家统计局,商务部,尼尔森,欧睿Euromonitor	月/季	消费
商业数据库	宏观数据库	消费和销售数据			存货销售比率	消费端	定量数据	"1、查询xx国家的存货销售比率数据
2、查询xx地区的存货销售比率数据
3、查询xx国家与xx国家的存货销售比率对比数据
4、查询xx地区与xx地区的存货销售比率数据"	反映宏观经济中存货销售比率的统计指标数据		全球-国家,全球-国家vs国家,全球-地区vs地区,国家-地区,国家-地区vs地区	中国国家统计局,商务部,尼尔森,欧睿Euromonitor	月/季	消费
商业数据库	宏观数据库	消费和销售数据			同比销售增长	消费端	定量数据	"1、查询xx国家的同比销售增长数据
2、查询xx地区的同比销售增长数据
3、查询xx国家与xx国家的同比销售增长对比数据
4、查询xx地区与xx地区的同比销售增长数据"	反映宏观经济中同比销售增长的统计指标数据		全球-国家,全球-国家vs国家,全球-地区vs地区,国家-地区,国家-地区vs地区	中国国家统计局,商务部,尼尔森,欧睿Euromonitor	月/季	消费
商业数据库	消费数据库	消费行为数据库			需求满足	消费端	定性数据	"1、查询xx品类的需求满足数据
2、查询xx人群的需求满足数据
3、查询xx地区的需求满足数据"	描述消费者需求满足相关的行为和特征数据		品类-人群,品类-地区,人群-地区,时间序列	尼尔森,凯度消费者指数,欧睿Euromonitor,艾瑞咨询	季/年	消费行为
商业数据库	消费数据库	消费行为数据库			价值感知	消费端	定性数据	"1、查询xx品类的价值感知数据
2、查询xx人群的价值感知数据
3、查询xx地区的价值感知数据"	描述消费者价值感知相关的行为和特征数据		品类-人群,品类-地区,人群-地区,时间序列	尼尔森,凯度消费者指数,欧睿Euromonitor,艾瑞咨询	季/年	消费行为
商业数据库	消费数据库	消费行为数据库			社会影响	消费端	定性数据	"1、查询xx品类的社会影响数据
2、查询xx人群的社会影响数据
3、查询xx地区的社会影响数据"	描述消费者社会影响相关的行为和特征数据		品类-人群,品类-地区,人群-地区,时间序列	尼尔森,凯度消费者指数,欧睿Euromonitor,艾瑞咨询	季/年	消费行为
商业数据库	消费数据库	消费行为数据库			情感连接	消费端	定性数据	"1、查询xx品类的情感连接数据
2、查询xx人群的情感连接数据
3、查询xx地区的情感连接数据"	描述消费者情感连接相关的行为和特征数据		品类-人群,品类-地区,人群-地区,时间序列	尼尔森,凯度消费者指数,欧睿Euromonitor,艾瑞咨询	季/年	消费行为
商业数据库	消费数据库	消费行为数据库			便利性	消费端	定性数据	"1、查询xx品类的便利性数据
2、查询xx人群的便利性数据
3、查询xx地区的便利性数据"	描述消费者便利性相关的行为和特征数据		品类-人群,品类-地区,人群-地区,时间序列	尼尔森,凯度消费者指数,欧睿Euromonitor,艾瑞咨询	季/年	消费行为
商业数据库	消费数据库	消费行为数据库			探索与好奇心	消费端	定性数据	"1、查询xx品类的探索与好奇心数据
2、查询xx人群的探索与好奇心数据
3、查询xx地区的探索与好奇心数据"	描述消费者探索与好奇心相关的行为和特征数据		品类-人群,品类-地区,人群-地区,时间序列	尼尔森,凯度消费者指数,欧睿Euromonitor,艾瑞咨询	季/年	消费行为
商业数据库	消费数据库	消费行为数据库			其他	消费端	定性数据	"1、查询xx品类的其他数据
2、查询xx人群的其他数据
3、查询xx地区的其他数据"	描述消费者其他相关的行为和特征数据		品类-人群,品类-地区,人群-地区,时间序列	尼尔森,凯度消费者指数,欧睿Euromonitor,艾瑞咨询	季/年	消费行为
商业数据库	消费数据库	人群洞察数据库			"人口统计数据
年龄，性别，婚姻，教育，职业，收入"	消费端	定性/定量	"1、查询xx品类的人口统计数据
年龄，性别，婚姻，教育，职业，收入数据
2、查询xx人群的人口统计数据
年龄，性别，婚姻，教育，职业，收入数据
3、查询xx地区的人口统计数据
年龄，性别，婚姻，教育，职业，收入数据"	"描述消费者人口统计数据
年龄，性别，婚姻，教育，职业，收入相关的行为和特征数据"		品类-人群,品类-地区,人群-地区,时间序列	中国国家统计局,QuestMobile,艾瑞咨询,CNNIC	年	人群洞察
商业数据库	消费数据库	人群洞察数据库			地理位置数据	消费端	定性/定量	"1、查询xx品类的地理位置数据数据
2、查询xx人群的地理位置数据数据
3、查询xx地区的地理位置数据数据"	描述消费者地理位置数据相关的行为和特征数据		品类-人群,品类-地区,人群-地区,时间序列	中国国家统计局,QuestMobile,艾瑞咨询,CNNIC	年	人群洞察
商业数据库	消费数据库	人群洞察数据库			心理画像数据	消费端	定性/定量	"1、查询xx品类的心理画像数据数据
2、查询xx人群的心理画像数据数据
3、查询xx地区的心理画像数据数据"	描述消费者心理画像数据相关的行为和特征数据		品类-人群,品类-地区,人群-地区,时间序列	中国国家统计局,QuestMobile,艾瑞咨询,CNNIC	年	人群洞察
商业数据库	消费数据库	人群洞察数据库			媒体使用数据	消费端	定性/定量	"1、查询xx品类的媒体使用数据数据
2、查询xx人群的媒体使用数据数据
3、查询xx地区的媒体使用数据数据"	描述消费者媒体使用数据相关的行为和特征数据		品类-人群,品类-地区,人群-地区,时间序列	中国国家统计局,QuestMobile,艾瑞咨询,CNNIC	年	人群洞察
商业数据库	消费数据库	人群洞察数据库			设备和技术数据	消费端	定性/定量	"1、查询xx品类的设备和技术数据数据
2、查询xx人群的设备和技术数据数据
3、查询xx地区的设备和技术数据数据"	描述消费者设备和技术数据相关的行为和特征数据		品类-人群,品类-地区,人群-地区,时间序列	中国国家统计局,QuestMobile,艾瑞咨询,CNNIC	年	人群洞察
商业数据库	消费数据库	人群洞察数据库			社会关系数据	消费端	定性/定量	"1、查询xx品类的社会关系数据数据
2、查询xx人群的社会关系数据数据
3、查询xx地区的社会关系数据数据"	描述消费者社会关系数据相关的行为和特征数据		品类-人群,品类-地区,人群-地区,时间序列	中国国家统计局,QuestMobile,艾瑞咨询,CNNIC	年	人群洞察
商业数据库	消费数据库	人群洞察数据库			健康和生活习惯数据	消费端	定性/定量	"1、查询xx品类的健康和生活习惯数据数据
2、查询xx人群的健康和生活习惯数据数据
3、查询xx地区的健康和生活习惯数据数据"	描述消费者健康和生活习惯数据相关的行为和特征数据		品类-人群,品类-地区,人群-地区,时间序列	中国国家统计局,QuestMobile,艾瑞咨询,CNNIC	年	人群洞察
商业数据库	行业数据库	第一产业	农、林、牧、渔业	农业	市场规模	消费端	定量数据	"1、查询农业的市场规模数据
2、查询xx地区农业的市场规模数据
3、对比不同地区农业的市场规模数据"			全球-国家-行业,国家-行业vs行业,国家-地区-行业	中国国家统计局,行业协会,Wind,同花顺,企查查,天眼查	年/季	农业
商业数据库	行业数据库	第一产业	农、林、牧、渔业	农业	市场增长率	消费端	定量数据	"1、查询农业的市场增长率数据
2、查询xx地区农业的市场增长率数据
3、对比不同地区农业的市场增长率数据"			全球-国家-行业,国家-行业vs行业,国家-地区-行业	中国国家统计局,行业协会,Wind,同花顺,企查查,天眼查	年/季	农业
商业数据库	行业数据库	第一产业	农、林、牧、渔业	农业	市场份额	消费端	定量数据	"1、查询农业的市场份额数据
2、查询xx地区农业的市场份额数据
3、对比不同地区农业的市场份额数据"			全球-国家-行业,国家-行业vs行业,国家-地区-行业	中国国家统计局,行业协会,Wind,同花顺,企查查,天眼查	年/季	农业
商业数据库	行业数据库	第一产业	农、林、牧、渔业	农业	市场趋势	消费端	定量数据	"1、查询农业的市场趋势数据
2、查询xx地区农业的市场趋势数据
3、对比不同地区农业的市场趋势数据"			全球-国家-行业,国家-行业vs行业,国家-地区-行业	中国国家统计局,行业协会,Wind,同花顺,企查查,天眼查	年/季	农业
商业数据库	行业数据库	第一产业	农、林、牧、渔业	农业	竞争结构	供给端	定量数据	"1、查询农业的竞争结构数据
2、查询xx地区农业的竞争结构数据
3、对比不同地区农业的竞争结构数据"			全球-国家-行业,国家-行业vs行业,国家-地区-行业	中国国家统计局,行业协会,Wind,同花顺,企查查,天眼查	年/季	农业
商业数据库	行业数据库	第一产业	农、林、牧、渔业	农业	供应链结构	供给端	定量数据	"1、查询农业的供应链结构数据
2、查询xx地区农业的供应链结构数据
3、对比不同地区农业的供应链结构数据"			全球-国家-行业,国家-行业vs行业,国家-地区-行业	中国国家统计局,行业协会,Wind,同花顺,企查查,天眼查	年/季	农业
商业数据库	行业数据库	第一产业	农、林、牧、渔业	农业	客户群体	消费端	定量数据	"1、查询农业的客户群体数据
2、查询xx地区农业的客户群体数据
3、对比不同地区农业的客户群体数据"			全球-国家-行业,国家-行业vs行业,国家-地区-行业	中国国家统计局,行业协会,Wind,同花顺,企查查,天眼查	年/季	农业
商业数据库	行业数据库	第一产业	农、林、牧、渔业	农业	产品和服务	消费端	定量数据	"1、查询农业的产品和服务数据
2、查询xx地区农业的产品和服务数据
3、对比不同地区农业的产品和服务数据"			全球-国家-行业,国家-行业vs行业,国家-地区-行业	中国国家统计局,行业协会,Wind,同花顺,企查查,天眼查	年/季	农业
商业数据库	行业数据库	第一产业	农、林、牧、渔业	农业	法规环境	供给端	定量数据	"1、查询农业的法规环境数据
2、查询xx地区农业的法规环境数据
3、对比不同地区农业的法规环境数据"			全球-国家-行业,国家-行业vs行业,国家-地区-行业	中国国家统计局,行业协会,Wind,同花顺,企查查,天眼查	年/季	农业
商业数据库	行业数据库	第一产业	农、林、牧、渔业	农业	消费者支出	消费端	定量数据	"1、查询农业的消费者支出数据
2、查询xx地区农业的消费者支出数据
3、对比不同地区农业的消费者支出数据"			全球-国家-行业,国家-行业vs行业,国家-地区-行业	中国国家统计局,行业协会,Wind,同花顺,企查查,天眼查	年/季	农业
商业数据库	行业数据库	第一产业	农、林、牧、渔业	农业	消费者信心	消费端	定量数据	"1、查询农业的消费者信心数据
2、查询xx地区农业的消费者信心数据
3、对比不同地区农业的消费者信心数据"			全球-国家-行业,国家-行业vs行业,国家-地区-行业	中国国家统计局,行业协会,Wind,同花顺,企查查,天眼查	年/季	农业
商业数据库	行业数据库	第一产业	农、林、牧、渔业	农业	商业信心指数	供给端	定量数据	"1、查询农业的商业信心指数数据
2、查询xx地区农业的商业信心指数数据
3、对比不同地区农业的商业信心指数数据"			全球-国家-行业,国家-行业vs行业,国家-地区-行业	中国国家统计局,行业协会,Wind,同花顺,企查查,天眼查	年/季	农业
商业数据库	行业数据库	第一产业	农、林、牧、渔业	林业	行业数据要素	供给端	定性/定量	"1、查询林业的行业数据要素数据
2、查询xx地区林业的行业数据要素数据
3、对比不同地区林业的行业数据要素数据"	林业行业的核心数据指标，包括市场规模、增长率、竞争格局、供应链等维度		全球-国家-行业,国家-行业vs行业,国家-地区-行业	中国国家统计局,行业协会,Wind,同花顺,企查查,天眼查	年/季	林业
商业数据库	行业数据库	第一产业	农、林、牧、渔业	畜牧业	行业数据要素	供给端	定性/定量	"1、查询畜牧业的行业数据要素数据
2、查询xx地区畜牧业的行业数据要素数据
3、对比不同地区畜牧业的行业数据要素数据"	畜牧业行业的核心数据指标，包括市场规模、增长率、竞争格局、供应链等维度		全球-国家-行业,国家-行业vs行业,国家-地区-行业	中国国家统计局,行业协会,Wind,同花顺,企查查,天眼查	年/季	畜牧业
商业数据库	行业数据库	第一产业	农、林、牧、渔业	渔业	行业数据要素	供给端	定性/定量	"1、查询渔业的行业数据要素数据
2、查询xx地区渔业的行业数据要素数据
3、对比不同地区渔业的行业数据要素数据"	渔业行业的核心数据指标，包括市场规模、增长率、竞争格局、供应链等维度		全球-国家-行业,国家-行业vs行业,国家-地区-行业	中国国家统计局,行业协会,Wind,同花顺,企查查,天眼查	年/季	渔业
商业数据库	行业数据库	第一产业	农、林、牧、渔业	农、林、牧、渔专业及辅助性活动	行业数据要素	供给端	定性/定量	"1、查询农、林、牧、渔专业及辅助性活动的行业数据要素数据
2、查询xx地区农、林、牧、渔专业及辅助性活动的行业数据要素数据
3、对比不同地区农、林、牧、渔专业及辅助性活动的行业数据要素数据"	农、林、牧、渔专业及辅助性活动行业的核心数据指标，包括市场规模、增长率、竞争格局、供应链等维度		全球-国家-行业,国家-行业vs行业,国家-地区-行业	中国国家统计局,行业协会,Wind,同花顺,企查查,天眼查	年/季	农、林、牧、渔专业及辅助性活动
商业数据库	行业数据库	第一产业	采矿业	煤炭开采和洗选业	行业数据要素	供给端	定性/定量	"1、查询煤炭开采和洗选业的行业数据要素数据
2、查询xx地区煤炭开采和洗选业的行业数据要素数据
3、对比不同地区煤炭开采和洗选业的行业数据要素数据"	煤炭开采和洗选业行业的核心数据指标，包括市场规模、增长率、竞争格局、供应链等维度		全球-国家-行业,国家-行业vs行业,国家-地区-行业	中国国家统计局,行业协会,Wind,同花顺,企查查,天眼查	年/季	煤炭开采和洗选业
商业数据库	行业数据库	第一产业	采矿业	石油和天然气开采业	行业数据要素	供给端	定性/定量	"1、查询石油和天然气开采业的行业数据要素数据
2、查询xx地区石油和天然气开采业的行业数据要素数据
3、对比不同地区石油和天然气开采业的行业数据要素数据"	石油和天然气开采业行业的核心数据指标，包括市场规模、增长率、竞争格局、供应链等维度		全球-国家-行业,国家-行业vs行业,国家-地区-行业	中国国家统计局,行业协会,Wind,同花顺,企查查,天眼查	年/季	石油和天然气开采业
商业数据库	行业数据库	第一产业	采矿业	黑色金属矿采选业	行业数据要素	供给端	定性/定量	"1、查询黑色金属矿采选业的行业数据要素数据
2、查询xx地区黑色金属矿采选业的行业数据要素数据
3、对比不同地区黑色金属矿采选业的行业数据要素数据"	黑色金属矿采选业行业的核心数据指标，包括市场规模、增长率、竞争格局、供应链等维度		全球-国家-行业,国家-行业vs行业,国家-地区-行业	中国国家统计局,行业协会,Wind,同花顺,企查查,天眼查	年/季	黑色金属矿采选业
商业数据库	行业数据库	第一产业	采矿业	有色金属矿采选业	行业数据要素	供给端	定性/定量	"1、查询有色金属矿采选业的行业数据要素数据
2、查询xx地区有色金属矿采选业的行业数据要素数据
3、对比不同地区有色金属矿采选业的行业数据要素数据"	有色金属矿采选业行业的核心数据指标，包括市场规模、增长率、竞争格局、供应链等维度		全球-国家-行业,国家-行业vs行业,国家-地区-行业	中国国家统计局,行业协会,Wind,同花顺,企查查,天眼查	年/季	有色金属矿采选业
商业数据库	行业数据库	第一产业	采矿业	非金属矿采选业	行业数据要素	供给端	定性/定量	"1、查询非金属矿采选业的行业数据要素数据
2、查询xx地区非金属矿采选业的行业数据要素数据
3、对比不同地区非金属矿采选业的行业数据要素数据"	非金属矿采选业行业的核心数据指标，包括市场规模、增长率、竞争格局、供应链等维度		全球-国家-行业,国家-行业vs行业,国家-地区-行业	中国国家统计局,行业协会,Wind,同花顺,企查查,天眼查	年/季	非金属矿采选业
商业数据库	行业数据库	第一产业	采矿业	开采专业及辅助性活动	行业数据要素	供给端	定性/定量	"1、查询开采专业及辅助性活动的行业数据要素数据
2、查询xx地区开采专业及辅助性活动的行业数据要素数据
3、对比不同地区开采专业及辅助性活动的行业数据要素数据"	开采专业及辅助性活动行业的核心数据指标，包括市场规模、增长率、竞争格局、供应链等维度		全球-国家-行业,国家-行业vs行业,国家-地区-行业	中国国家统计局,行业协会,Wind,同花顺,企查查,天眼查	年/季	开采专业及辅助性活动
商业数据库	行业数据库	第一产业	采矿业	其他采矿业	行业数据要素	供给端	定性/定量	"1、查询其他采矿业的行业数据要素数据
2、查询xx地区其他采矿业的行业数据要素数据
3、对比不同地区其他采矿业的行业数据要素数据"	其他采矿业行业的核心数据指标，包括市场规模、增长率、竞争格局、供应链等维度		全球-国家-行业,国家-行业vs行业,国家-地区-行业	中国国家统计局,行业协会,Wind,同花顺,企查查,天眼查	年/季	其他采矿业
商业数据库	行业数据库	第二产业	制造业	农副食品加工业	行业数据要素	供给端	定性/定量	"1、查询农副食品加工业的行业数据要素数据
2、查询xx地区农副食品加工业的行业数据要素数据
3、对比不同地区农副食品加工业的行业数据要素数据"	农副食品加工业行业的核心数据指标，包括市场规模、增长率、竞争格局、供应链等维度		全球-国家-行业,国家-行业vs行业,国家-地区-行业	中国国家统计局,行业协会,Wind,同花顺,企查查,天眼查	年/季	农副食品加工业
商业数据库	行业数据库	第二产业	制造业	食品制造业	行业数据要素	供给端	定性/定量	"1、查询食品制造业的行业数据要素数据
2、查询xx地区食品制造业的行业数据要素数据
3、对比不同地区食品制造业的行业数据要素数据"	食品制造业行业的核心数据指标，包括市场规模、增长率、竞争格局、供应链等维度		全球-国家-行业,国家-行业vs行业,国家-地区-行业	中国国家统计局,行业协会,Wind,同花顺,企查查,天眼查	年/季	食品制造业
商业数据库	行业数据库	第二产业	制造业	酒、饮料和精制茶制造业	行业数据要素	供给端	定性/定量	"1、查询酒、饮料和精制茶制造业的行业数据要素数据
2、查询xx地区酒、饮料和精制茶制造业的行业数据要素数据
3、对比不同地区酒、饮料和精制茶制造业的行业数据要素数据"	酒、饮料和精制茶制造业行业的核心数据指标，包括市场规模、增长率、竞争格局、供应链等维度		全球-国家-行业,国家-行业vs行业,国家-地区-行业	中国国家统计局,行业协会,Wind,同花顺,企查查,天眼查	年/季	酒、饮料和精制茶制造业
商业数据库	行业数据库	第二产业	制造业	烟草制品业	行业数据要素	供给端	定性/定量	"1、查询烟草制品业的行业数据要素数据
2、查询xx地区烟草制品业的行业数据要素数据
3、对比不同地区烟草制品业的行业数据要素数据"	烟草制品业行业的核心数据指标，包括市场规模、增长率、竞争格局、供应链等维度		全球-国家-行业,国家-行业vs行业,国家-地区-行业	中国国家统计局,行业协会,Wind,同花顺,企查查,天眼查	年/季	烟草制品业
商业数据库	行业数据库	第二产业	制造业	纺织业	行业数据要素	供给端	定性/定量	"1、查询纺织业的行业数据要素数据
2、查询xx地区纺织业的行业数据要素数据
3、对比不同地区纺织业的行业数据要素数据"	纺织业行业的核心数据指标，包括市场规模、增长率、竞争格局、供应链等维度		全球-国家-行业,国家-行业vs行业,国家-地区-行业	中国国家统计局,行业协会,Wind,同花顺,企查查,天眼查	年/季	纺织业
商业数据库	行业数据库	第二产业	制造业	纺织服装、服饰业	行业数据要素	供给端	定性/定量	"1、查询纺织服装、服饰业的行业数据要素数据
2、查询xx地区纺织服装、服饰业的行业数据要素数据
3、对比不同地区纺织服装、服饰业的行业数据要素数据"	定量数据，例如发布的产品数量；定性数据，例如产品类型和特性		全球-国家-行业,国家-行业vs行业,国家-地区-行业	中国国家统计局,行业协会,Wind,同花顺,企查查,天眼查	年/季	纺织服装、服饰业
商业数据库	行业数据库	第二产业	制造业	皮革、毛皮、羽毛及其制品和制鞋业	行业数据要素	供给端	定性/定量	"1、查询皮革、毛皮、羽毛及其制品和制鞋业的行业数据要素数据
2、查询xx地区皮革、毛皮、羽毛及其制品和制鞋业的行业数据要素数据
3、对比不同地区皮革、毛皮、羽毛及其制品和制鞋业的行业数据要素数据"	皮革、毛皮、羽毛及其制品和制鞋业行业的核心数据指标，包括市场规模、增长率、竞争格局、供应链等维度		全球-国家-行业,国家-行业vs行业,国家-地区-行业	中国国家统计局,行业协会,Wind,同花顺,企查查,天眼查	年/季	皮革、毛皮、羽毛及其制品和制鞋业
商业数据库	行业数据库	第二产业	制造业	木材加工和木、竹、藤、棕、草制品业	行业数据要素	供给端	定性/定量	"1、查询木材加工和木、竹、藤、棕、草制品业的行业数据要素数据
2、查询xx地区木材加工和木、竹、藤、棕、草制品业的行业数据要素数据
3、对比不同地区木材加工和木、竹、藤、棕、草制品业的行业数据要素数据"	木材加工和木、竹、藤、棕、草制品业行业的核心数据指标，包括市场规模、增长率、竞争格局、供应链等维度		全球-国家-行业,国家-行业vs行业,国家-地区-行业	中国国家统计局,行业协会,Wind,同花顺,企查查,天眼查	年/季	木材加工和木、竹、藤、棕、草制品业
商业数据库	行业数据库	第二产业	制造业	家具制造业	行业数据要素	供给端	定性/定量	"1、查询家具制造业的行业数据要素数据
2、查询xx地区家具制造业的行业数据要素数据
3、对比不同地区家具制造业的行业数据要素数据"	家具制造业行业的核心数据指标，包括市场规模、增长率、竞争格局、供应链等维度		全球-国家-行业,国家-行业vs行业,国家-地区-行业	中国国家统计局,行业协会,Wind,同花顺,企查查,天眼查	年/季	家具制造业
商业数据库	行业数据库	第二产业	制造业	造纸和纸制品业	行业数据要素	供给端	定性/定量	"1、查询造纸和纸制品业的行业数据要素数据
2、查询xx地区造纸和纸制品业的行业数据要素数据
3、对比不同地区造纸和纸制品业的行业数据要素数据"	定量数据，例如重复购买率；定性数据，例如消费者对品牌的情感认同		全球-国家-行业,国家-行业vs行业,国家-地区-行业	中国国家统计局,行业协会,Wind,同花顺,企查查,天眼查	年/季	造纸和纸制品业
商业数据库	行业数据库	第二产业	制造业	印刷和记录媒介复制业	行业数据要素	供给端	定性/定量	"1、查询印刷和记录媒介复制业的行业数据要素数据
2、查询xx地区印刷和记录媒介复制业的行业数据要素数据
3、对比不同地区印刷和记录媒介复制业的行业数据要素数据"	定量数据，例如市场份额、销售额等；定性数据，例如品牌声誉、消费者满意度等		全球-国家-行业,国家-行业vs行业,国家-地区-行业	中国国家统计局,行业协会,Wind,同花顺,企查查,天眼查	年/季	印刷和记录媒介复制业
商业数据库	行业数据库	第二产业	制造业	文教、工美、体育和娱乐用品制造业	行业数据要素	供给端	定性/定量	"1、查询文教、工美、体育和娱乐用品制造业的行业数据要素数据
2、查询xx地区文教、工美、体育和娱乐用品制造业的行业数据要素数据
3、对比不同地区文教、工美、体育和娱乐用品制造业的行业数据要素数据"	文教、工美、体育和娱乐用品制造业行业的核心数据指标，包括市场规模、增长率、竞争格局、供应链等维度		全球-国家-行业,国家-行业vs行业,国家-地区-行业	中国国家统计局,行业协会,Wind,同花顺,企查查,天眼查	年/季	文教、工美、体育和娱乐用品制造业
商业数据库	行业数据库	第二产业	制造业	石油、煤炭及其他燃料加工业	行业数据要素	供给端	定性/定量	"1、查询石油、煤炭及其他燃料加工业的行业数据要素数据
2、查询xx地区石油、煤炭及其他燃料加工业的行业数据要素数据
3、对比不同地区石油、煤炭及其他燃料加工业的行业数据要素数据"	定量数据，例如市场份额、销售额等；定性数据，例如竞争策略、竞争优势等		全球-国家-行业,国家-行业vs行业,国家-地区-行业	中国国家统计局,行业协会,Wind,同花顺,企查查,天眼查	年/季	石油、煤炭及其他燃料加工业
商业数据库	行业数据库	第二产业	制造业	化学原料和化学制品制造业	行业数据要素	供给端	定性/定量	"1、查询化学原料和化学制品制造业的行业数据要素数据
2、查询xx地区化学原料和化学制品制造业的行业数据要素数据
3、对比不同地区化学原料和化学制品制造业的行业数据要素数据"	定量数据，例如销售额、利润等；定性数据，例如业务策略、业务模式等		全球-国家-行业,国家-行业vs行业,国家-地区-行业	中国国家统计局,行业协会,Wind,同花顺,企查查,天眼查	年/季	化学原料和化学制品制造业
商业数据库	行业数据库	第二产业	制造业	医药制造业	行业数据要素	供给端	定性/定量	"1、查询医药制造业的行业数据要素数据
2、查询xx地区医药制造业的行业数据要素数据
3、对比不同地区医药制造业的行业数据要素数据"	医药制造业行业的核心数据指标，包括市场规模、增长率、竞争格局、供应链等维度		全球-国家-行业,国家-行业vs行业,国家-地区-行业	中国国家统计局,行业协会,Wind,同花顺,企查查,天眼查	年/季	医药制造业
商业数据库	行业数据库	第二产业	制造业	化学纤维制造业	行业数据要素	供给端	定性/定量	"1、查询化学纤维制造业的行业数据要素数据
2、查询xx地区化学纤维制造业的行业数据要素数据
3、对比不同地区化学纤维制造业的行业数据要素数据"	化学纤维制造业行业的核心数据指标，包括市场规模、增长率、竞争格局、供应链等维度		全球-国家-行业,国家-行业vs行业,国家-地区-行业	中国国家统计局,行业协会,Wind,同花顺,企查查,天眼查	年/季	化学纤维制造业
商业数据库	行业数据库	第二产业	制造业	橡胶和塑料制品业	行业数据要素	供给端	定性/定量	"1、查询橡胶和塑料制品业的行业数据要素数据
2、查询xx地区橡胶和塑料制品业的行业数据要素数据
3、对比不同地区橡胶和塑料制品业的行业数据要素数据"	橡胶和塑料制品业行业的核心数据指标，包括市场规模、增长率、竞争格局、供应链等维度		全球-国家-行业,国家-行业vs行业,国家-地区-行业	中国国家统计局,行业协会,Wind,同花顺,企查查,天眼查	年/季	橡胶和塑料制品业
商业数据库	行业数据库	第二产业	制造业	非金属矿物制品业	行业数据要素	供给端	定性/定量	"1、查询非金属矿物制品业的行业数据要素数据
2、查询xx地区非金属矿物制品业的行业数据要素数据
3、对比不同地区非金属矿物制品业的行业数据要素数据"	非金属矿物制品业行业的核心数据指标，包括市场规模、增长率、竞争格局、供应链等维度		全球-国家-行业,国家-行业vs行业,国家-地区-行业	中国国家统计局,行业协会,Wind,同花顺,企查查,天眼查	年/季	非金属矿物制品业
商业数据库	行业数据库	第二产业	制造业	黑色金属冶炼和压延加工业	行业数据要素	供给端	定性/定量	"1、查询黑色金属冶炼和压延加工业的行业数据要素数据
2、查询xx地区黑色金属冶炼和压延加工业的行业数据要素数据
3、对比不同地区黑色金属冶炼和压延加工业的行业数据要素数据"	定量数据，例如市场份额、竞争对手数量等；定性数据，例如竞争策略、竞争优势等		全球-国家-行业,国家-行业vs行业,国家-地区-行业	中国国家统计局,行业协会,Wind,同花顺,企查查,天眼查	年/季	黑色金属冶炼和压延加工业
商业数据库	行业数据库	第二产业	制造业	有色金属冶炼和压延加工业	行业数据要素	供给端	定性/定量	"1、查询有色金属冶炼和压延加工业的行业数据要素数据
2、查询xx地区有色金属冶炼和压延加工业的行业数据要素数据
3、对比不同地区有色金属冶炼和压延加工业的行业数据要素数据"	定量数据，例如员工数量、营收等；定性数据，例如公司使命、战略等		全球-国家-行业,国家-行业vs行业,国家-地区-行业	中国国家统计局,行业协会,Wind,同花顺,企查查,天眼查	年/季	有色金属冶炼和压延加工业
商业数据库	行业数据库	第二产业	制造业	金属制品业	行业数据要素	供给端	定性/定量	"1、查询金属制品业的行业数据要素数据
2、查询xx地区金属制品业的行业数据要素数据
3、对比不同地区金属制品业的行业数据要素数据"	这些数据主要反映了公司的销售策略和效果（供给端），同时也反映了消费者的购买行为和偏好（消费端）		全球-国家-行业,国家-行业vs行业,国家-地区-行业	中国国家统计局,行业协会,Wind,同花顺,企查查,天眼查	年/季	金属制品业
商业数据库	行业数据库	第二产业	制造业	通用设备制造业	行业数据要素	供给端	定性/定量	"1、查询通用设备制造业的行业数据要素数据
2、查询xx地区通用设备制造业的行业数据要素数据
3、对比不同地区通用设备制造业的行业数据要素数据"	通用设备制造业行业的核心数据指标，包括市场规模、增长率、竞争格局、供应链等维度		全球-国家-行业,国家-行业vs行业,国家-地区-行业	中国国家统计局,行业协会,Wind,同花顺,企查查,天眼查	年/季	通用设备制造业
商业数据库	行业数据库	第二产业	制造业	专用设备制造业	行业数据要素	供给端	定性/定量	"1、查询专用设备制造业的行业数据要素数据
2、查询xx地区专用设备制造业的行业数据要素数据
3、对比不同地区专用设备制造业的行业数据要素数据"	专用设备制造业行业的核心数据指标，包括市场规模、增长率、竞争格局、供应链等维度		全球-国家-行业,国家-行业vs行业,国家-地区-行业	中国国家统计局,行业协会,Wind,同花顺,企查查,天眼查	年/季	专用设备制造业
商业数据库	行业数据库	第二产业	制造业	汽车制造业	行业数据要素	供给端	定性/定量	"1、查询汽车制造业的行业数据要素数据
2、查询xx地区汽车制造业的行业数据要素数据
3、对比不同地区汽车制造业的行业数据要素数据"	汽车制造业行业的核心数据指标，包括市场规模、增长率、竞争格局、供应链等维度		全球-国家-行业,国家-行业vs行业,国家-地区-行业	中国国家统计局,行业协会,Wind,同花顺,企查查,天眼查	年/季	汽车制造业
商业数据库	行业数据库	第二产业	制造业	铁路、船舶、航空航天和其他运输设备制造业	行业数据要素	供给端	定性/定量	"1、查询铁路、船舶、航空航天和其他运输设备制造业的行业数据要素数据
2、查询xx地区铁路、船舶、航空航天和其他运输设备制造业的行业数据要素数据
3、对比不同地区铁路、船舶、航空航天和其他运输设备制造业的行业数据要素数据"	铁路、船舶、航空航天和其他运输设备制造业行业的核心数据指标，包括市场规模、增长率、竞争格局、供应链等维度		全球-国家-行业,国家-行业vs行业,国家-地区-行业	中国国家统计局,行业协会,Wind,同花顺,企查查,天眼查	年/季	铁路、船舶、航空航天和其他运输设备制造业
商业数据库	行业数据库	第二产业	制造业	电气机械和器材制造业	行业数据要素	供给端	定性/定量	"1、查询电气机械和器材制造业的行业数据要素数据
2、查询xx地区电气机械和器材制造业的行业数据要素数据
3、对比不同地区电气机械和器材制造业的行业数据要素数据"	电气机械和器材制造业行业的核心数据指标，包括市场规模、增长率、竞争格局、供应链等维度		全球-国家-行业,国家-行业vs行业,国家-地区-行业	中国国家统计局,行业协会,Wind,同花顺,企查查,天眼查	年/季	电气机械和器材制造业
商业数据库	行业数据库	第二产业	制造业	计算机、通信和其他电子设备制造业	行业数据要素	供给端	定性/定量	"1、查询计算机、通信和其他电子设备制造业的行业数据要素数据
2、查询xx地区计算机、通信和其他电子设备制造业的行业数据要素数据
3、对比不同地区计算机、通信和其他电子设备制造业的行业数据要素数据"	计算机、通信和其他电子设备制造业行业的核心数据指标，包括市场规模、增长率、竞争格局、供应链等维度		全球-国家-行业,国家-行业vs行业,国家-地区-行业	中国国家统计局,行业协会,Wind,同花顺,企查查,天眼查	年/季	计算机、通信和其他电子设备制造业
商业数据库	行业数据库	第二产业	制造业	仪器仪表制造业	行业数据要素	供给端	定性/定量	"1、查询仪器仪表制造业的行业数据要素数据
2、查询xx地区仪器仪表制造业的行业数据要素数据
3、对比不同地区仪器仪表制造业的行业数据要素数据"	仪器仪表制造业行业的核心数据指标，包括市场规模、增长率、竞争格局、供应链等维度		全球-国家-行业,国家-行业vs行业,国家-地区-行业	中国国家统计局,行业协会,Wind,同花顺,企查查,天眼查	年/季	仪器仪表制造业
商业数据库	行业数据库	第二产业	制造业	其他制造业	行业数据要素	供给端	定性/定量	"1、查询其他制造业的行业数据要素数据
2、查询xx地区其他制造业的行业数据要素数据
3、对比不同地区其他制造业的行业数据要素数据"	定量数据，例如按年龄、性别、地理位置等细分的客户数量；定性数据，例如客户的需求、偏好、生活方式等		全球-国家-行业,国家-行业vs行业,国家-地区-行业	中国国家统计局,行业协会,Wind,同花顺,企查查,天眼查	年/季	其他制造业
商业数据库	行业数据库	第二产业	制造业	废弃资源综合利用业	行业数据要素	供给端	定性/定量	"1、查询废弃资源综合利用业的行业数据要素数据
2、查询xx地区废弃资源综合利用业的行业数据要素数据
3、对比不同地区废弃资源综合利用业的行业数据要素数据"	定量数据，例如满意度评分或百分比；定性数据，例如客户的反馈或评论		全球-国家-行业,国家-行业vs行业,国家-地区-行业	中国国家统计局,行业协会,Wind,同花顺,企查查,天眼查	年/季	废弃资源综合利用业
商业数据库	行业数据库	第二产业	制造业	金属制品、机械和设备修理业	行业数据要素	供给端	定性/定量	"1、查询金属制品、机械和设备修理业的行业数据要素数据
2、查询xx地区金属制品、机械和设备修理业的行业数据要素数据
3、对比不同地区金属制品、机械和设备修理业的行业数据要素数据"	定量数据，例如购买频率、购买金额等；定性数据，例如购买的原因、购买的场景等		全球-国家-行业,国家-行业vs行业,国家-地区-行业	中国国家统计局,行业协会,Wind,同花顺,企查查,天眼查	年/季	金属制品、机械和设备修理业
商业数据库	行业数据库	第二产业	电力、热力、燃气及水生产和供应业	电力、热力生产和供应业	行业数据要素	供给端	定性/定量	"1、查询电力、热力生产和供应业的行业数据要素数据
2、查询xx地区电力、热力生产和供应业的行业数据要素数据
3、对比不同地区电力、热力生产和供应业的行业数据要素数据"	电力、热力生产和供应业行业的核心数据指标，包括市场规模、增长率、竞争格局、供应链等维度		全球-国家-行业,国家-行业vs行业,国家-地区-行业	中国国家统计局,行业协会,Wind,同花顺,企查查,天眼查	年/季	电力、热力生产和供应业
商业数据库	行业数据库	第二产业	电力、热力、燃气及水生产和供应业	燃气生产和供应业	行业数据要素	供给端	定性/定量	"1、查询燃气生产和供应业的行业数据要素数据
2、查询xx地区燃气生产和供应业的行业数据要素数据
3、对比不同地区燃气生产和供应业的行业数据要素数据"	燃气生产和供应业行业的核心数据指标，包括市场规模、增长率、竞争格局、供应链等维度		全球-国家-行业,国家-行业vs行业,国家-地区-行业	中国国家统计局,行业协会,Wind,同花顺,企查查,天眼查	年/季	燃气生产和供应业
商业数据库	行业数据库	第二产业	电力、热力、燃气及水生产和供应业	水的生产和供应业	行业数据要素	供给端	定性/定量	"1、查询水的生产和供应业的行业数据要素数据
2、查询xx地区水的生产和供应业的行业数据要素数据
3、对比不同地区水的生产和供应业的行业数据要素数据"	水的生产和供应业行业的核心数据指标，包括市场规模、增长率、竞争格局、供应链等维度		全球-国家-行业,国家-行业vs行业,国家-地区-行业	中国国家统计局,行业协会,Wind,同花顺,企查查,天眼查	年/季	水的生产和供应业
商业数据库	行业数据库	第二产业	建筑业 	房屋建筑业	行业数据要素	供给端	定性/定量	"1、查询房屋建筑业的行业数据要素数据
2、查询xx地区房屋建筑业的行业数据要素数据
3、对比不同地区房屋建筑业的行业数据要素数据"	房屋建筑业行业的核心数据指标，包括市场规模、增长率、竞争格局、供应链等维度		全球-国家-行业,国家-行业vs行业,国家-地区-行业	中国国家统计局,行业协会,Wind,同花顺,企查查,天眼查	年/季	房屋建筑业
商业数据库	行业数据库	第二产业	建筑业 	土木工程建筑业	行业数据要素	供给端	定性/定量	"1、查询土木工程建筑业的行业数据要素数据
2、查询xx地区土木工程建筑业的行业数据要素数据
3、对比不同地区土木工程建筑业的行业数据要素数据"	定量数据，例如竞争对手的市场份额、销售额等；定性数据，例如竞争对手的策略、产品、品牌等		全球-国家-行业,国家-行业vs行业,国家-地区-行业	中国国家统计局,行业协会,Wind,同花顺,企查查,天眼查	年/季	土木工程建筑业
商业数据库	行业数据库	第二产业	建筑业 	建筑安装业 	行业数据要素	供给端	定性/定量	"1、查询建筑安装业 的行业数据要素数据
2、查询xx地区建筑安装业 的行业数据要素数据
3、对比不同地区建筑安装业 的行业数据要素数据"	定量数据，例如市场增长率、新产品发布数量等；定性数据，例如新的消费者行为、新的技术或规定等		全球-国家-行业,国家-行业vs行业,国家-地区-行业	中国国家统计局,行业协会,Wind,同花顺,企查查,天眼查	年/季	建筑安装业 
商业数据库	行业数据库	第二产业	建筑业 	建筑装饰、装修和其他建筑业	行业数据要素	供给端	定性/定量	"1、查询建筑装饰、装修和其他建筑业的行业数据要素数据
2、查询xx地区建筑装饰、装修和其他建筑业的行业数据要素数据
3、对比不同地区建筑装饰、装修和其他建筑业的行业数据要素数据"	建筑装饰、装修和其他建筑业行业的核心数据指标，包括市场规模、增长率、竞争格局、供应链等维度		全球-国家-行业,国家-行业vs行业,国家-地区-行业	中国国家统计局,行业协会,Wind,同花顺,企查查,天眼查	年/季	建筑装饰、装修和其他建筑业
商业数据库	行业数据库	第三产业	批发和零售业	批发业	行业数据要素	供给端	定性/定量	"1、查询批发业的行业数据要素数据
2、查询xx地区批发业的行业数据要素数据
3、对比不同地区批发业的行业数据要素数据"	批发业行业的核心数据指标，包括市场规模、增长率、竞争格局、供应链等维度		全球-国家-行业,国家-行业vs行业,国家-地区-行业	中国国家统计局,行业协会,Wind,同花顺,企查查,天眼查	年/季	批发业
商业数据库	行业数据库	第三产业	批发和零售业	零售业	行业数据要素	供给端	定性/定量	"1、查询零售业的行业数据要素数据
2、查询xx地区零售业的行业数据要素数据
3、对比不同地区零售业的行业数据要素数据"	零售业行业的核心数据指标，包括市场规模、增长率、竞争格局、供应链等维度		全球-国家-行业,国家-行业vs行业,国家-地区-行业	中国国家统计局,行业协会,Wind,同花顺,企查查,天眼查	年/季	零售业
商业数据库	行业数据库	第三产业	交通运输、仓储和邮政业	铁路运输业	行业数据要素	供给端	定性/定量	"1、查询铁路运输业的行业数据要素数据
2、查询xx地区铁路运输业的行业数据要素数据
3、对比不同地区铁路运输业的行业数据要素数据"	铁路运输业行业的核心数据指标，包括市场规模、增长率、竞争格局、供应链等维度		全球-国家-行业,国家-行业vs行业,国家-地区-行业	中国国家统计局,行业协会,Wind,同花顺,企查查,天眼查	年/季	铁路运输业
商业数据库	行业数据库	第三产业	交通运输、仓储和邮政业	道路运输业	行业数据要素	供给端	定性/定量	"1、查询道路运输业的行业数据要素数据
2、查询xx地区道路运输业的行业数据要素数据
3、对比不同地区道路运输业的行业数据要素数据"	道路运输业行业的核心数据指标，包括市场规模、增长率、竞争格局、供应链等维度		全球-国家-行业,国家-行业vs行业,国家-地区-行业	中国国家统计局,行业协会,Wind,同花顺,企查查,天眼查	年/季	道路运输业
商业数据库	行业数据库	第三产业	交通运输、仓储和邮政业	水上运输业	行业数据要素	供给端	定性/定量	"1、查询水上运输业的行业数据要素数据
2、查询xx地区水上运输业的行业数据要素数据
3、对比不同地区水上运输业的行业数据要素数据"	水上运输业行业的核心数据指标，包括市场规模、增长率、竞争格局、供应链等维度		全球-国家-行业,国家-行业vs行业,国家-地区-行业	中国国家统计局,行业协会,Wind,同花顺,企查查,天眼查	年/季	水上运输业
商业数据库	行业数据库	第三产业	交通运输、仓储和邮政业	航空运输业 	行业数据要素	供给端	定性/定量	"1、查询航空运输业 的行业数据要素数据
2、查询xx地区航空运输业 的行业数据要素数据
3、对比不同地区航空运输业 的行业数据要素数据"	航空运输业 行业的核心数据指标，包括市场规模、增长率、竞争格局、供应链等维度		全球-国家-行业,国家-行业vs行业,国家-地区-行业	中国国家统计局,行业协会,Wind,同花顺,企查查,天眼查	年/季	航空运输业 
商业数据库	行业数据库	第三产业	交通运输、仓储和邮政业	管道运输业	行业数据要素	供给端	定性/定量	"1、查询管道运输业的行业数据要素数据
2、查询xx地区管道运输业的行业数据要素数据
3、对比不同地区管道运输业的行业数据要素数据"	管道运输业行业的核心数据指标，包括市场规模、增长率、竞争格局、供应链等维度		全球-国家-行业,国家-行业vs行业,国家-地区-行业	中国国家统计局,行业协会,Wind,同花顺,企查查,天眼查	年/季	管道运输业
商业数据库	行业数据库	第三产业	交通运输、仓储和邮政业	多式联运和运输代理业	行业数据要素	供给端	定性/定量	"1、查询多式联运和运输代理业的行业数据要素数据
2、查询xx地区多式联运和运输代理业的行业数据要素数据
3、对比不同地区多式联运和运输代理业的行业数据要素数据"	多式联运和运输代理业行业的核心数据指标，包括市场规模、增长率、竞争格局、供应链等维度		全球-国家-行业,国家-行业vs行业,国家-地区-行业	中国国家统计局,行业协会,Wind,同花顺,企查查,天眼查	年/季	多式联运和运输代理业
商业数据库	行业数据库	第三产业	交通运输、仓储和邮政业	装卸搬运和仓储业	行业数据要素	供给端	定性/定量	"1、查询装卸搬运和仓储业的行业数据要素数据
2、查询xx地区装卸搬运和仓储业的行业数据要素数据
3、对比不同地区装卸搬运和仓储业的行业数据要素数据"	装卸搬运和仓储业行业的核心数据指标，包括市场规模、增长率、竞争格局、供应链等维度		全球-国家-行业,国家-行业vs行业,国家-地区-行业	中国国家统计局,行业协会,Wind,同花顺,企查查,天眼查	年/季	装卸搬运和仓储业
商业数据库	行业数据库	第三产业	交通运输、仓储和邮政业	邮政业	行业数据要素	供给端	定性/定量	"1、查询邮政业的行业数据要素数据
2、查询xx地区邮政业的行业数据要素数据
3、对比不同地区邮政业的行业数据要素数据"	邮政业行业的核心数据指标，包括市场规模、增长率、竞争格局、供应链等维度		全球-国家-行业,国家-行业vs行业,国家-地区-行业	中国国家统计局,行业协会,Wind,同花顺,企查查,天眼查	年/季	邮政业
商业数据库	行业数据库	第三产业	住宿和餐饮业	住宿业	行业数据要素	供给端	定性/定量	"1、查询住宿业的行业数据要素数据
2、查询xx地区住宿业的行业数据要素数据
3、对比不同地区住宿业的行业数据要素数据"	住宿业行业的核心数据指标，包括市场规模、增长率、竞争格局、供应链等维度		全球-国家-行业,国家-行业vs行业,国家-地区-行业	中国国家统计局,行业协会,Wind,同花顺,企查查,天眼查	年/季	住宿业
商业数据库	行业数据库	第三产业	住宿和餐饮业	餐饮业	行业数据要素	供给端	定性/定量	"1、查询餐饮业的行业数据要素数据
2、查询xx地区餐饮业的行业数据要素数据
3、对比不同地区餐饮业的行业数据要素数据"	餐饮业行业的核心数据指标，包括市场规模、增长率、竞争格局、供应链等维度		全球-国家-行业,国家-行业vs行业,国家-地区-行业	中国国家统计局,行业协会,Wind,同花顺,企查查,天眼查	年/季	餐饮业
商业数据库	行业数据库	第三产业	信息传输、软件和信息技术服务业	电信、广播电视和卫星传输服务	行业数据要素	供给端	定性/定量	"1、查询电信、广播电视和卫星传输服务的行业数据要素数据
2、查询xx地区电信、广播电视和卫星传输服务的行业数据要素数据
3、对比不同地区电信、广播电视和卫星传输服务的行业数据要素数据"	定量数据，例如不合格产品的比例、退货率等；定性数据，例如产品质量问题的类型、客户反馈等		全球-国家-行业,国家-行业vs行业,国家-地区-行业	中国国家统计局,行业协会,Wind,同花顺,企查查,天眼查	年/季	电信、广播电视和卫星传输服务
商业数据库	行业数据库	第三产业	信息传输、软件和信息技术服务业	互联网和相关服务	行业数据要素	供给端	定性/定量	"1、查询互联网和相关服务的行业数据要素数据
2、查询xx地区互联网和相关服务的行业数据要素数据
3、对比不同地区互联网和相关服务的行业数据要素数据"	定量数据，例如销售额、生产量等；定性数据，例如员工的技能、表现等		全球-国家-行业,国家-行业vs行业,国家-地区-行业	中国国家统计局,行业协会,Wind,同花顺,企查查,天眼查	年/季	互联网和相关服务
商业数据库	行业数据库	第三产业	信息传输、软件和信息技术服务业	软件和信息技术服务业	行业数据要素	供给端	定性/定量	"1、查询软件和信息技术服务业的行业数据要素数据
2、查询xx地区软件和信息技术服务业的行业数据要素数据
3、对比不同地区软件和信息技术服务业的行业数据要素数据"	软件和信息技术服务业行业的核心数据指标，包括市场规模、增长率、竞争格局、供应链等维度		全球-国家-行业,国家-行业vs行业,国家-地区-行业	中国国家统计局,行业协会,Wind,同花顺,企查查,天眼查	年/季	软件和信息技术服务业
商业数据库	行业数据库	第三产业	金融业	货币金融服务	行业数据要素	供给端	定性/定量	"1、查询货币金融服务的行业数据要素数据
2、查询xx地区货币金融服务的行业数据要素数据
3、对比不同地区货币金融服务的行业数据要素数据"	货币金融服务行业的核心数据指标，包括市场规模、增长率、竞争格局、供应链等维度		全球-国家-行业,国家-行业vs行业,国家-地区-行业	中国国家统计局,行业协会,Wind,同花顺,企查查,天眼查	年/季	货币金融服务
商业数据库	行业数据库	第三产业	金融业	资本市场服务	行业数据要素	供给端	定性/定量	"1、查询资本市场服务的行业数据要素数据
2、查询xx地区资本市场服务的行业数据要素数据
3、对比不同地区资本市场服务的行业数据要素数据"	资本市场服务行业的核心数据指标，包括市场规模、增长率、竞争格局、供应链等维度		全球-国家-行业,国家-行业vs行业,国家-地区-行业	中国国家统计局,行业协会,Wind,同花顺,企查查,天眼查	年/季	资本市场服务
商业数据库	行业数据库	第三产业	金融业	保险业	行业数据要素	供给端	定性/定量	"1、查询保险业的行业数据要素数据
2、查询xx地区保险业的行业数据要素数据
3、对比不同地区保险业的行业数据要素数据"	保险业行业的核心数据指标，包括市场规模、增长率、竞争格局、供应链等维度		全球-国家-行业,国家-行业vs行业,国家-地区-行业	中国国家统计局,行业协会,Wind,同花顺,企查查,天眼查	年/季	保险业
商业数据库	行业数据库	第三产业	金融业	其他金融业	行业数据要素	供给端	定性/定量	"1、查询其他金融业的行业数据要素数据
2、查询xx地区其他金融业的行业数据要素数据
3、对比不同地区其他金融业的行业数据要素数据"	其他金融业行业的核心数据指标，包括市场规模、增长率、竞争格局、供应链等维度		全球-国家-行业,国家-行业vs行业,国家-地区-行业	中国国家统计局,行业协会,Wind,同花顺,企查查,天眼查	年/季	其他金融业
商业数据库	行业数据库	第三产业	房地产业	房地产业	行业数据要素	供给端	定性/定量	"1、查询房地产业的行业数据要素数据
2、查询xx地区房地产业的行业数据要素数据
3、对比不同地区房地产业的行业数据要素数据"	房地产业行业的核心数据指标，包括市场规模、增长率、竞争格局、供应链等维度		全球-国家-行业,国家-行业vs行业,国家-地区-行业	中国国家统计局,行业协会,Wind,同花顺,企查查,天眼查	年/季	房地产业
商业数据库	行业数据库	第三产业	租赁和商务服务业	租赁业	行业数据要素	供给端	定性/定量	"1、查询租赁业的行业数据要素数据
2、查询xx地区租赁业的行业数据要素数据
3、对比不同地区租赁业的行业数据要素数据"	租赁业行业的核心数据指标，包括市场规模、增长率、竞争格局、供应链等维度		全球-国家-行业,国家-行业vs行业,国家-地区-行业	中国国家统计局,行业协会,Wind,同花顺,企查查,天眼查	年/季	租赁业
商业数据库	行业数据库	第三产业	租赁和商务服务业	商务服务业	行业数据要素	供给端	定性/定量	"1、查询商务服务业的行业数据要素数据
2、查询xx地区商务服务业的行业数据要素数据
3、对比不同地区商务服务业的行业数据要素数据"	商务服务业行业的核心数据指标，包括市场规模、增长率、竞争格局、供应链等维度		全球-国家-行业,国家-行业vs行业,国家-地区-行业	中国国家统计局,行业协会,Wind,同花顺,企查查,天眼查	年/季	商务服务业
商业数据库	行业数据库	第三产业	科学研究和技术服务业	研究和试验发展	行业数据要素	供给端	定性/定量	"1、查询研究和试验发展的行业数据要素数据
2、查询xx地区研究和试验发展的行业数据要素数据
3、对比不同地区研究和试验发展的行业数据要素数据"	研究和试验发展行业的核心数据指标，包括市场规模、增长率、竞争格局、供应链等维度		全球-国家-行业,国家-行业vs行业,国家-地区-行业	中国国家统计局,行业协会,Wind,同花顺,企查查,天眼查	年/季	研究和试验发展
商业数据库	行业数据库	第三产业	科学研究和技术服务业	专业技术服务业	行业数据要素	供给端	定性/定量	"1、查询专业技术服务业的行业数据要素数据
2、查询xx地区专业技术服务业的行业数据要素数据
3、对比不同地区专业技术服务业的行业数据要素数据"	专业技术服务业行业的核心数据指标，包括市场规模、增长率、竞争格局、供应链等维度		全球-国家-行业,国家-行业vs行业,国家-地区-行业	中国国家统计局,行业协会,Wind,同花顺,企查查,天眼查	年/季	专业技术服务业
商业数据库	行业数据库	第三产业	科学研究和技术服务业	科技推广和应用服务业	行业数据要素	供给端	定性/定量	"1、查询科技推广和应用服务业的行业数据要素数据
2、查询xx地区科技推广和应用服务业的行业数据要素数据
3、对比不同地区科技推广和应用服务业的行业数据要素数据"	科技推广和应用服务业行业的核心数据指标，包括市场规模、增长率、竞争格局、供应链等维度		全球-国家-行业,国家-行业vs行业,国家-地区-行业	中国国家统计局,行业协会,Wind,同花顺,企查查,天眼查	年/季	科技推广和应用服务业
商业数据库	行业数据库	第三产业	水利、环境和公共设施管理业	水利管理业	行业数据要素	供给端	定性/定量	"1、查询水利管理业的行业数据要素数据
2、查询xx地区水利管理业的行业数据要素数据
3、对比不同地区水利管理业的行业数据要素数据"	水利管理业行业的核心数据指标，包括市场规模、增长率、竞争格局、供应链等维度		全球-国家-行业,国家-行业vs行业,国家-地区-行业	中国国家统计局,行业协会,Wind,同花顺,企查查,天眼查	年/季	水利管理业
商业数据库	行业数据库	第三产业		生态保护和环境治理业	行业数据要素	供给端	定性/定量	"1、查询生态保护和环境治理业的行业数据要素数据
2、查询xx地区生态保护和环境治理业的行业数据要素数据
3、对比不同地区生态保护和环境治理业的行业数据要素数据"	生态保护和环境治理业行业的核心数据指标，包括市场规模、增长率、竞争格局、供应链等维度		全球-国家-行业,国家-行业vs行业,国家-地区-行业	中国国家统计局,行业协会,Wind,同花顺,企查查,天眼查	年/季	生态保护和环境治理业
商业数据库	行业数据库	第三产业		公共设施管理业	行业数据要素	供给端	定性/定量	"1、查询公共设施管理业的行业数据要素数据
2、查询xx地区公共设施管理业的行业数据要素数据
3、对比不同地区公共设施管理业的行业数据要素数据"	公共设施管理业行业的核心数据指标，包括市场规模、增长率、竞争格局、供应链等维度		全球-国家-行业,国家-行业vs行业,国家-地区-行业	中国国家统计局,行业协会,Wind,同花顺,企查查,天眼查	年/季	公共设施管理业
商业数据库	行业数据库	第三产业		土地管理业 	行业数据要素	供给端	定性/定量	"1、查询土地管理业 的行业数据要素数据
2、查询xx地区土地管理业 的行业数据要素数据
3、对比不同地区土地管理业 的行业数据要素数据"	土地管理业 行业的核心数据指标，包括市场规模、增长率、竞争格局、供应链等维度		全球-国家-行业,国家-行业vs行业,国家-地区-行业	中国国家统计局,行业协会,Wind,同花顺,企查查,天眼查	年/季	土地管理业 
商业数据库	行业数据库	第三产业	居民服务、修理和其他服务业	居民服务业	行业数据要素	供给端	定性/定量	"1、查询居民服务业的行业数据要素数据
2、查询xx地区居民服务业的行业数据要素数据
3、对比不同地区居民服务业的行业数据要素数据"	居民服务业行业的核心数据指标，包括市场规模、增长率、竞争格局、供应链等维度		全球-国家-行业,国家-行业vs行业,国家-地区-行业	中国国家统计局,行业协会,Wind,同花顺,企查查,天眼查	年/季	居民服务业
商业数据库	行业数据库	第三产业		机动车、电子产品和日用产品修理业	行业数据要素	供给端	定性/定量	"1、查询机动车、电子产品和日用产品修理业的行业数据要素数据
2、查询xx地区机动车、电子产品和日用产品修理业的行业数据要素数据
3、对比不同地区机动车、电子产品和日用产品修理业的行业数据要素数据"	机动车、电子产品和日用产品修理业行业的核心数据指标，包括市场规模、增长率、竞争格局、供应链等维度		全球-国家-行业,国家-行业vs行业,国家-地区-行业	中国国家统计局,行业协会,Wind,同花顺,企查查,天眼查	年/季	机动车、电子产品和日用产品修理业
商业数据库	行业数据库	第三产业		其他服务业 	行业数据要素	供给端	定性/定量	"1、查询其他服务业 的行业数据要素数据
2、查询xx地区其他服务业 的行业数据要素数据
3、对比不同地区其他服务业 的行业数据要素数据"	其他服务业 行业的核心数据指标，包括市场规模、增长率、竞争格局、供应链等维度		全球-国家-行业,国家-行业vs行业,国家-地区-行业	中国国家统计局,行业协会,Wind,同花顺,企查查,天眼查	年/季	其他服务业 
商业数据库	行业数据库	第三产业	教育	教育	行业数据要素	供给端	定性/定量	"1、查询教育的行业数据要素数据
2、查询xx地区教育的行业数据要素数据
3、对比不同地区教育的行业数据要素数据"	教育行业的核心数据指标，包括市场规模、增长率、竞争格局、供应链等维度		全球-国家-行业,国家-行业vs行业,国家-地区-行业	中国国家统计局,行业协会,Wind,同花顺,企查查,天眼查	年/季	教育
商业数据库	行业数据库	第三产业	卫生和社会工作	卫生	行业数据要素	供给端	定性/定量	"1、查询卫生的行业数据要素数据
2、查询xx地区卫生的行业数据要素数据
3、对比不同地区卫生的行业数据要素数据"	卫生行业的核心数据指标，包括市场规模、增长率、竞争格局、供应链等维度		全球-国家-行业,国家-行业vs行业,国家-地区-行业	中国国家统计局,行业协会,Wind,同花顺,企查查,天眼查	年/季	卫生
商业数据库	行业数据库	第三产业		社会工作	行业数据要素	供给端	定性/定量	"1、查询社会工作的行业数据要素数据
2、查询xx地区社会工作的行业数据要素数据
3、对比不同地区社会工作的行业数据要素数据"	社会工作行业的核心数据指标，包括市场规模、增长率、竞争格局、供应链等维度		全球-国家-行业,国家-行业vs行业,国家-地区-行业	中国国家统计局,行业协会,Wind,同花顺,企查查,天眼查	年/季	社会工作
商业数据库	行业数据库	第三产业	文化、体育和娱乐业	新闻和出版业	行业数据要素	供给端	定性/定量	"1、查询新闻和出版业的行业数据要素数据
2、查询xx地区新闻和出版业的行业数据要素数据
3、对比不同地区新闻和出版业的行业数据要素数据"	新闻和出版业行业的核心数据指标，包括市场规模、增长率、竞争格局、供应链等维度		全球-国家-行业,国家-行业vs行业,国家-地区-行业	中国国家统计局,行业协会,Wind,同花顺,企查查,天眼查	年/季	新闻和出版业
商业数据库	行业数据库	第三产业		广播、电视、电影和录音制作业 	行业数据要素	供给端	定性/定量	"1、查询广播、电视、电影和录音制作业 的行业数据要素数据
2、查询xx地区广播、电视、电影和录音制作业 的行业数据要素数据
3、对比不同地区广播、电视、电影和录音制作业 的行业数据要素数据"	广播、电视、电影和录音制作业 行业的核心数据指标，包括市场规模、增长率、竞争格局、供应链等维度		全球-国家-行业,国家-行业vs行业,国家-地区-行业	中国国家统计局,行业协会,Wind,同花顺,企查查,天眼查	年/季	广播、电视、电影和录音制作业 
商业数据库	行业数据库	第三产业		文化艺术业	行业数据要素	供给端	定性/定量	"1、查询文化艺术业的行业数据要素数据
2、查询xx地区文化艺术业的行业数据要素数据
3、对比不同地区文化艺术业的行业数据要素数据"	文化艺术业行业的核心数据指标，包括市场规模、增长率、竞争格局、供应链等维度		全球-国家-行业,国家-行业vs行业,国家-地区-行业	中国国家统计局,行业协会,Wind,同花顺,企查查,天眼查	年/季	文化艺术业
商业数据库	行业数据库	第三产业		体育	行业数据要素	供给端	定性/定量	"1、查询体育的行业数据要素数据
2、查询xx地区体育的行业数据要素数据
3、对比不同地区体育的行业数据要素数据"	体育行业的核心数据指标，包括市场规模、增长率、竞争格局、供应链等维度		全球-国家-行业,国家-行业vs行业,国家-地区-行业	中国国家统计局,行业协会,Wind,同花顺,企查查,天眼查	年/季	体育
商业数据库	行业数据库	第三产业		娱乐业	行业数据要素	供给端	定性/定量	"1、查询娱乐业的行业数据要素数据
2、查询xx地区娱乐业的行业数据要素数据
3、对比不同地区娱乐业的行业数据要素数据"	娱乐业行业的核心数据指标，包括市场规模、增长率、竞争格局、供应链等维度		全球-国家-行业,国家-行业vs行业,国家-地区-行业	中国国家统计局,行业协会,Wind,同花顺,企查查,天眼查	年/季	娱乐业
商业数据库	行业数据库	第三产业	公共管理、社会保障和社会组织	中国共产党机关	行业数据要素	供给端	定性/定量	"1、查询中国共产党机关的行业数据要素数据
2、查询xx地区中国共产党机关的行业数据要素数据
3、对比不同地区中国共产党机关的行业数据要素数据"	中国共产党机关行业的核心数据指标，包括市场规模、增长率、竞争格局、供应链等维度		全球-国家-行业,国家-行业vs行业,国家-地区-行业	中国国家统计局,行业协会,Wind,同花顺,企查查,天眼查	年/季	中国共产党机关
商业数据库	行业数据库	第三产业		国家机构	行业数据要素	供给端	定性/定量	"1、查询国家机构的行业数据要素数据
2、查询xx地区国家机构的行业数据要素数据
3、对比不同地区国家机构的行业数据要素数据"	国家机构行业的核心数据指标，包括市场规模、增长率、竞争格局、供应链等维度		全球-国家-行业,国家-行业vs行业,国家-地区-行业	中国国家统计局,行业协会,Wind,同花顺,企查查,天眼查	年/季	国家机构
商业数据库	行业数据库	第三产业		人民政协、民主党派	行业数据要素	供给端	定性/定量	"1、查询人民政协、民主党派的行业数据要素数据
2、查询xx地区人民政协、民主党派的行业数据要素数据
3、对比不同地区人民政协、民主党派的行业数据要素数据"	人民政协、民主党派行业的核心数据指标，包括市场规模、增长率、竞争格局、供应链等维度		全球-国家-行业,国家-行业vs行业,国家-地区-行业	中国国家统计局,行业协会,Wind,同花顺,企查查,天眼查	年/季	人民政协、民主党派
商业数据库	行业数据库	第三产业		社会保障	行业数据要素	供给端	定性/定量	"1、查询社会保障的行业数据要素数据
2、查询xx地区社会保障的行业数据要素数据
3、对比不同地区社会保障的行业数据要素数据"	社会保障行业的核心数据指标，包括市场规模、增长率、竞争格局、供应链等维度		全球-国家-行业,国家-行业vs行业,国家-地区-行业	中国国家统计局,行业协会,Wind,同花顺,企查查,天眼查	年/季	社会保障
商业数据库	行业数据库	第三产业		群众团体、社会团体和其他成员组织	行业数据要素	供给端	定性/定量	"1、查询群众团体、社会团体和其他成员组织的行业数据要素数据
2、查询xx地区群众团体、社会团体和其他成员组织的行业数据要素数据
3、对比不同地区群众团体、社会团体和其他成员组织的行业数据要素数据"	群众团体、社会团体和其他成员组织行业的核心数据指标，包括市场规模、增长率、竞争格局、供应链等维度		全球-国家-行业,国家-行业vs行业,国家-地区-行业	中国国家统计局,行业协会,Wind,同花顺,企查查,天眼查	年/季	群众团体、社会团体和其他成员组织
商业数据库	行业数据库	第三产业		基层群众自治组织及其他组织	行业数据要素	供给端	定性/定量	"1、查询基层群众自治组织及其他组织的行业数据要素数据
2、查询xx地区基层群众自治组织及其他组织的行业数据要素数据
3、对比不同地区基层群众自治组织及其他组织的行业数据要素数据"	基层群众自治组织及其他组织行业的核心数据指标，包括市场规模、增长率、竞争格局、供应链等维度		全球-国家-行业,国家-行业vs行业,国家-地区-行业	中国国家统计局,行业协会,Wind,同花顺,企查查,天眼查	年/季	基层群众自治组织及其他组织
商业数据库	行业数据库	第三产业	国际组织	国际组织	行业数据要素	供给端	定性/定量	"1、查询国际组织的行业数据要素数据
2、查询xx地区国际组织的行业数据要素数据
3、对比不同地区国际组织的行业数据要素数据"	国际组织行业的核心数据指标，包括市场规模、增长率、竞争格局、供应链等维度		全球-国家-行业,国家-行业vs行业,国家-地区-行业	中国国家统计局,行业协会,Wind,同花顺,企查查,天眼查	年/季	国际组织
商业数据库	企业数据库	上市公司数据库			财务数据	供给端	定量数据	"1、查询xx上市公司的财务数据
2、对比xx公司与xx公司的财务数据
3、查询xx行业上市公司财务数据排名"	企业层面的财务数据，用于企业分析和决策		行业-企业,企业vs企业,企业-时间序列	Wind,同花顺,东方财富,巨潮资讯,SEC/港交所/上交所/深交所	季/年	企业
商业数据库	企业数据库	上市公司数据库			市场数据	消费端	定量数据	"1、查询xx上市公司的市场数据
2、对比xx公司与xx公司的市场数据
3、查询xx行业上市公司市场数据排名"	企业层面的市场数据，用于企业分析和决策		行业-企业,企业vs企业,企业-时间序列	Wind,同花顺,东方财富,巨潮资讯,SEC/港交所/上交所/深交所	季/年	企业
商业数据库	企业数据库	上市公司数据库			运营数据	供给端	定量数据	"1、查询xx上市公司的运营数据
2、对比xx公司与xx公司的运营数据
3、查询xx行业上市公司运营数据排名"	企业层面的运营数据，用于企业分析和决策		行业-企业,企业vs企业,企业-时间序列	Wind,同花顺,东方财富,巨潮资讯,SEC/港交所/上交所/深交所	季/年	企业
商业数据库	企业数据库	上市公司数据库			宏观数据	供给端	定量数据	"1、查询xx上市公司的宏观数据
2、对比xx公司与xx公司的宏观数据
3、查询xx行业上市公司宏观数据排名"	企业层面的宏观数据，用于企业分析和决策		行业-企业,企业vs企业,企业-时间序列	Wind,同花顺,东方财富,巨潮资讯,SEC/港交所/上交所/深交所	季/年	企业
商业数据库	企业数据库	上市公司数据库			企业治理数据	供给端	定量数据	"1、查询xx上市公司的企业治理数据
2、对比xx公司与xx公司的企业治理数据
3、查询xx行业上市公司企业治理数据排名"	企业层面的企业治理数据，用于企业分析和决策		行业-企业,企业vs企业,企业-时间序列	Wind,同花顺,东方财富,巨潮资讯,SEC/港交所/上交所/深交所	季/年	企业
商业数据库	企业数据库	上市公司数据库			ESG数据	供给端	定量数据	"1、查询xx上市公司的ESG数据
2、对比xx公司与xx公司的ESG数据
3、查询xx行业上市公司ESG数据排名"	企业层面的ESG数据，用于企业分析和决策		行业-企业,企业vs企业,企业-时间序列	Wind,同花顺,东方财富,巨潮资讯,SEC/港交所/上交所/深交所	季/年	企业
商业数据库	企业数据库	品牌数据库			销售历史	供给端	定量数据	"1、查询xx品牌的销售历史数据
2、对比xx品牌与xx品牌的销售历史数据
3、查询xx行业品牌的销售历史排名"	企业层面的销售历史，用于企业分析和决策		行业-品牌,品牌vs品牌,品牌-时间序列,品牌-地区	Brandz,Interbrand,尼尔森,凯度,欧睿Euromonitor	年	品牌
商业数据库	企业数据库	品牌数据库			市场份额	供给端	定量数据	"1、查询xx品牌的市场份额数据
2、对比xx品牌与xx品牌的市场份额数据
3、查询xx行业品牌的市场份额排名"	企业层面的市场份额，用于企业分析和决策		行业-品牌,品牌vs品牌,品牌-时间序列,品牌-地区	Brandz,Interbrand,尼尔森,凯度,欧睿Euromonitor	年	品牌
商业数据库	企业数据库	品牌数据库			广告支出	供给端	定量数据	"1、查询xx品牌的广告支出数据
2、对比xx品牌与xx品牌的广告支出数据
3、查询xx行业品牌的广告支出排名"	企业层面的广告支出，用于企业分析和决策		行业-品牌,品牌vs品牌,品牌-时间序列,品牌-地区	Brandz,Interbrand,尼尔森,凯度,欧睿Euromonitor	年	品牌
商业数据库	企业数据库	品牌数据库			广告投放渠道	供给端	定量数据	"1、查询xx品牌的广告投放渠道数据
2、对比xx品牌与xx品牌的广告投放渠道数据
3、查询xx行业品牌的广告投放渠道排名"	企业层面的广告投放渠道，用于企业分析和决策		行业-品牌,品牌vs品牌,品牌-时间序列,品牌-地区	Brandz,Interbrand,尼尔森,凯度,欧睿Euromonitor	年	品牌
商业数据库	企业数据库	品牌数据库			产品发布	供给端	定性/定量	"1、查询xx品牌的产品发布数据
2、对比xx品牌与xx品牌的产品发布数据
3、查询xx行业品牌的产品发布排名"	定量数据，例如发布的产品数量；定性数据，例如产品类型和特性		行业-品牌,品牌vs品牌,品牌-时间序列,品牌-地区	Brandz,Interbrand,尼尔森,凯度,欧睿Euromonitor	年	品牌
商业数据库	企业数据库	品牌数据库			创新历史	供给端	定性/定量	"1、查询xx品牌的创新历史数据
2、对比xx品牌与xx品牌的创新历史数据
3、查询xx行业品牌的创新历史排名"	企业层面的创新历史，用于企业分析和决策		行业-品牌,品牌vs品牌,品牌-时间序列,品牌-地区	Brandz,Interbrand,尼尔森,凯度,欧睿Euromonitor	年	品牌
商业数据库	企业数据库	品牌数据库			投融资数据	供给端	定量数据	"1、查询xx品牌的投融资数据数据
2、对比xx品牌与xx品牌的投融资数据数据
3、查询xx行业品牌的投融资数据排名"	企业层面的投融资数据，用于企业分析和决策		行业-品牌,品牌vs品牌,品牌-时间序列,品牌-地区	Brandz,Interbrand,尼尔森,凯度,欧睿Euromonitor	年	品牌
商业数据库	企业数据库	品牌数据库			品牌形象	消费端	定性数据	"1、查询xx品牌的品牌形象数据
2、对比xx品牌与xx品牌的品牌形象数据
3、查询xx行业品牌的品牌形象排名"	企业层面的品牌形象，用于企业分析和决策		行业-品牌,品牌vs品牌,品牌-时间序列,品牌-地区	Brandz,Interbrand,尼尔森,凯度,欧睿Euromonitor	年	品牌
商业数据库	企业数据库	品牌数据库			品牌忠诚度	消费端	定性/定量	"1、查询xx品牌的品牌忠诚度数据
2、对比xx品牌与xx品牌的品牌忠诚度数据
3、查询xx行业品牌的品牌忠诚度排名"	定量数据，例如重复购买率；定性数据，例如消费者对品牌的情感认同		行业-品牌,品牌vs品牌,品牌-时间序列,品牌-地区	Brandz,Interbrand,尼尔森,凯度,欧睿Euromonitor	年	品牌
商业数据库	企业数据库	品牌数据库			品牌表现	消费端	定性/定量	"1、查询xx品牌的品牌表现数据
2、对比xx品牌与xx品牌的品牌表现数据
3、查询xx行业品牌的品牌表现排名"	定量数据，例如市场份额、销售额等；定性数据，例如品牌声誉、消费者满意度等		行业-品牌,品牌vs品牌,品牌-时间序列,品牌-地区	Brandz,Interbrand,尼尔森,凯度,欧睿Euromonitor	年	品牌
商业数据库	企业数据库	品牌数据库			品牌触点	消费端	定性数据	"1、查询xx品牌的品牌触点数据
2、对比xx品牌与xx品牌的品牌触点数据
3、查询xx行业品牌的品牌触点排名"	企业层面的品牌触点，用于企业分析和决策		行业-品牌,品牌vs品牌,品牌-时间序列,品牌-地区	Brandz,Interbrand,尼尔森,凯度,欧睿Euromonitor	年	品牌
商业数据库	企业数据库	品牌数据库			品牌竞争情况	消费端	定性/定量	"1、查询xx品牌的品牌竞争情况数据
2、对比xx品牌与xx品牌的品牌竞争情况数据
3、查询xx行业品牌的品牌竞争情况排名"	定量数据，例如市场份额、销售额等；定性数据，例如竞争策略、竞争优势等		行业-品牌,品牌vs品牌,品牌-时间序列,品牌-地区	Brandz,Interbrand,尼尔森,凯度,欧睿Euromonitor	年	品牌
商业数据库	企业数据库	品牌数据库			品牌业务表现	供给端	定性/定量	"1、查询xx品牌的品牌业务表现数据
2、对比xx品牌与xx品牌的品牌业务表现数据
3、查询xx行业品牌的品牌业务表现排名"	定量数据，例如销售额、利润等；定性数据，例如业务策略、业务模式等		行业-品牌,品牌vs品牌,品牌-时间序列,品牌-地区	Brandz,Interbrand,尼尔森,凯度,欧睿Euromonitor	年	品牌
商业数据库	企业数据库	品牌数据库			品牌认知度度	消费端	定量数据	"1、查询xx品牌的品牌认知度度数据
2、对比xx品牌与xx品牌的品牌认知度度数据
3、查询xx行业品牌的品牌认知度度排名"	企业层面的品牌认知度度，用于企业分析和决策		行业-品牌,品牌vs品牌,品牌-时间序列,品牌-地区	Brandz,Interbrand,尼尔森,凯度,欧睿Euromonitor	年	品牌
商业数据库	企业数据库	非上市企业数据库			基本信息	供给端	定性数据	"1、查询xx企业的基本信息
2、查询xx行业企业的基本信息概况"	企业层面的基本信息，用于企业分析和决策		行业-企业,企业vs企业,企业-时间序列	企查查,天眼查,启信宝,国家企业信用信息公示系统	年	企业
商业数据库	企业数据库	非上市企业数据库			财务信息	供给端	定量数据	"1、查询xx企业的财务信息
2、查询xx行业企业的财务信息概况"	企业层面的财务信息，用于企业分析和决策		行业-企业,企业vs企业,企业-时间序列	企查查,天眼查,启信宝,国家企业信用信息公示系统	年	企业
商业数据库	企业数据库	非上市企业数据库			人员信息	供给端	定量数据	"1、查询xx企业的人员信息
2、查询xx行业企业的人员信息概况"	企业层面的人员信息，用于企业分析和决策		行业-企业,企业vs企业,企业-时间序列	企查查,天眼查,启信宝,国家企业信用信息公示系统	年	企业
商业数据库	企业数据库	非上市企业数据库			业务信息	供给端	定性数据	"1、查询xx企业的业务信息
2、查询xx行业企业的业务信息概况"	企业层面的业务信息，用于企业分析和决策		行业-企业,企业vs企业,企业-时间序列	企查查,天眼查,启信宝,国家企业信用信息公示系统	年	企业
商业数据库	企业数据库	非上市企业数据库			法律信息	供给端	定性数据	"1、查询xx企业的法律信息
2、查询xx行业企业的法律信息概况"	企业层面的法律信息，用于企业分析和决策		行业-企业,企业vs企业,企业-时间序列	企查查,天眼查,启信宝,国家企业信用信息公示系统	年	企业
商业数据库	企业数据库	非上市企业数据库			信用和风险信息	供给端	定性/定量	"1、查询xx企业的信用和风险信息
2、查询xx行业企业的信用和风险信息概况"	企业层面的信用和风险信息，用于企业分析和决策		行业-企业,企业vs企业,企业-时间序列	企查查,天眼查,启信宝,国家企业信用信息公示系统	年	企业
商业数据库	"微观数据
（所有权数据库）"	销售数据			总销售额	消费端	定量数据	"1、查询企业的总销售额
2、按产品线/渠道/地区查询总销售额
3、查询总销售额的时间趋势"	企业微观运营中的总销售额，支撑精细化管理决策		企业内部-部门,产品线-渠道-地区,时间序列	企业ERP/CRM系统,第三方电商平台,尼尔森零售监测	日/月	销售
商业数据库	"微观数据
（所有权数据库）"	销售数据			销售增长率	消费端	定量数据	"1、查询企业的销售增长率
2、按产品线/渠道/地区查询销售增长率
3、查询销售增长率的时间趋势"	企业微观运营中的销售增长率，支撑精细化管理决策		企业内部-部门,产品线-渠道-地区,时间序列	企业ERP/CRM系统,第三方电商平台,尼尔森零售监测	日/月	销售
商业数据库	"微观数据
（所有权数据库）"	销售数据			单位销售价格	消费端	定量数据	"1、查询企业的单位销售价格
2、按产品线/渠道/地区查询单位销售价格
3、查询单位销售价格的时间趋势"	企业微观运营中的单位销售价格，支撑精细化管理决策		企业内部-部门,产品线-渠道-地区,时间序列	企业ERP/CRM系统,第三方电商平台,尼尔森零售监测	日/月	销售
商业数据库	"微观数据
（所有权数据库）"	销售数据			销售量	消费端	定量数据	"1、查询企业的销售量
2、按产品线/渠道/地区查询销售量
3、查询销售量的时间趋势"	企业微观运营中的销售量，支撑精细化管理决策		企业内部-部门,产品线-渠道-地区,时间序列	企业ERP/CRM系统,第三方电商平台,尼尔森零售监测	日/月	销售
商业数据库	"微观数据
（所有权数据库）"	销售数据			按地区、产品线、渠道等细分的销售数据	消费端	定量数据	"1、查询企业的按地区、产品线、渠道等细分的销售数据
2、按产品线/渠道/地区查询按地区、产品线、渠道等细分的销售数据
3、查询按地区、产品线、渠道等细分的销售数据的时间趋势"	企业微观运营中的按地区、产品线、渠道等细分的销售数据，支撑精细化管理决策		企业内部-部门,产品线-渠道-地区,时间序列	企业ERP/CRM系统,第三方电商平台,尼尔森零售监测	日/月	销售
商业数据库	"微观数据
（所有权数据库）"	客户数据			客户数量	消费端	定量数据	"1、查询企业的客户数量
2、按产品线/渠道/地区查询客户数量
3、查询客户数量的时间趋势"	企业微观运营中的客户数量，支撑精细化管理决策		企业内部-部门,产品线-渠道-地区,时间序列	企业CRM系统,第三方数据平台,问卷调研	日/月	客户
商业数据库	"微观数据
（所有权数据库）"	客户数据			新增客户数量	消费端	定量数据	"1、查询企业的新增客户数量
2、按产品线/渠道/地区查询新增客户数量
3、查询新增客户数量的时间趋势"	企业微观运营中的新增客户数量，支撑精细化管理决策		企业内部-部门,产品线-渠道-地区,时间序列	企业CRM系统,第三方数据平台,问卷调研	日/月	客户
商业数据库	"微观数据
（所有权数据库）"	客户数据			客户流失率	消费端	定量数据	"1、查询企业的客户流失率
2、按产品线/渠道/地区查询客户流失率
3、查询客户流失率的时间趋势"	企业微观运营中的客户流失率，支撑精细化管理决策		企业内部-部门,产品线-渠道-地区,时间序列	企业CRM系统,第三方数据平台,问卷调研	日/月	客户
商业数据库	"微观数据
（所有权数据库）"	客户数据			客户细分数据	消费端	定量数据	"1、查询企业的客户细分数据
2、按产品线/渠道/地区查询客户细分数据
3、查询客户细分数据的时间趋势"	企业微观运营中的客户细分数据，支撑精细化管理决策		企业内部-部门,产品线-渠道-地区,时间序列	企业CRM系统,第三方数据平台,问卷调研	日/月	客户
商业数据库	"微观数据
（所有权数据库）"	客户数据			客户满意度	消费端	定量数据	"1、查询企业的客户满意度
2、按产品线/渠道/地区查询客户满意度
3、查询客户满意度的时间趋势"	企业微观运营中的客户满意度，支撑精细化管理决策		企业内部-部门,产品线-渠道-地区,时间序列	企业CRM系统,第三方数据平台,问卷调研	日/月	客户
商业数据库	"微观数据
（所有权数据库）"	客户数据			客户购买行为	消费端	定量数据	"1、查询企业的客户购买行为
2、按产品线/渠道/地区查询客户购买行为
3、查询客户购买行为的时间趋势"	企业微观运营中的客户购买行为，支撑精细化管理决策		企业内部-部门,产品线-渠道-地区,时间序列	企业CRM系统,第三方数据平台,问卷调研	日/月	客户
商业数据库	"微观数据
（所有权数据库）"	客户数据			客户生命周期价值	消费端	定量数据	"1、查询企业的客户生命周期价值
2、按产品线/渠道/地区查询客户生命周期价值
3、查询客户生命周期价值的时间趋势"	企业微观运营中的客户生命周期价值，支撑精细化管理决策		企业内部-部门,产品线-渠道-地区,时间序列	企业CRM系统,第三方数据平台,问卷调研	日/月	客户
商业数据库	"微观数据
（所有权数据库）"	市场数据			市场规模	消费端	定量数据	"1、查询企业的市场规模
2、按产品线/渠道/地区查询市场规模
3、查询市场规模的时间趋势"	企业微观运营中的市场规模，支撑精细化管理决策		企业内部-部门,产品线-渠道-地区,时间序列	欧睿Euromonitor,弗若斯特沙利文,艾瑞咨询,IDC	日/月	市场
商业数据库	"微观数据
（所有权数据库）"	市场数据			市场增长率	消费端	定量数据	"1、查询企业的市场增长率
2、按产品线/渠道/地区查询市场增长率
3、查询市场增长率的时间趋势"	企业微观运营中的市场增长率，支撑精细化管理决策		企业内部-部门,产品线-渠道-地区,时间序列	欧睿Euromonitor,弗若斯特沙利文,艾瑞咨询,IDC	日/月	市场
商业数据库	"微观数据
（所有权数据库）"	市场数据			市场份额	消费端	定量数据	"1、查询企业的市场份额
2、按产品线/渠道/地区查询市场份额
3、查询市场份额的时间趋势"	企业微观运营中的市场份额，支撑精细化管理决策		企业内部-部门,产品线-渠道-地区,时间序列	欧睿Euromonitor,弗若斯特沙利文,艾瑞咨询,IDC	日/月	市场
商业数据库	"微观数据
（所有权数据库）"	市场数据			竞争对手情况	消费端	定性/定量	"1、查询企业的竞争对手情况
2、按产品线/渠道/地区查询竞争对手情况
3、查询竞争对手情况的时间趋势"	企业微观运营中的竞争对手情况，支撑精细化管理决策		企业内部-部门,产品线-渠道-地区,时间序列	欧睿Euromonitor,弗若斯特沙利文,艾瑞咨询,IDC	日/月	市场
商业数据库	"微观数据
（所有权数据库）"	市场数据			行业趋势	消费端	定性数据	"1、查询企业的行业趋势
2、按产品线/渠道/地区查询行业趋势
3、查询行业趋势的时间趋势"	企业微观运营中的行业趋势，支撑精细化管理决策		企业内部-部门,产品线-渠道-地区,时间序列	欧睿Euromonitor,弗若斯特沙利文,艾瑞咨询,IDC	日/月	市场
商业数据库	"微观数据
（所有权数据库）"	市场数据			消费者偏好	消费端	定性数据	"1、查询企业的消费者偏好
2、按产品线/渠道/地区查询消费者偏好
3、查询消费者偏好的时间趋势"	企业微观运营中的消费者偏好，支撑精细化管理决策		企业内部-部门,产品线-渠道-地区,时间序列	欧睿Euromonitor,弗若斯特沙利文,艾瑞咨询,IDC	日/月	市场
商业数据库	"微观数据
（所有权数据库）"	财务数据			营收	供给端	定量数据	"1、查询企业的营收
2、按产品线/渠道/地区查询营收
3、查询营收的时间趋势"	企业微观运营中的营收，支撑精细化管理决策		企业内部-部门,产品线-渠道-地区,时间序列	企业财务系统,审计报告,Wind,同花顺	日/月	财务
商业数据库	"微观数据
（所有权数据库）"	财务数据			利润	供给端	定量数据	"1、查询企业的利润
2、按产品线/渠道/地区查询利润
3、查询利润的时间趋势"	企业微观运营中的利润，支撑精细化管理决策		企业内部-部门,产品线-渠道-地区,时间序列	企业财务系统,审计报告,Wind,同花顺	日/月	财务
商业数据库	"微观数据
（所有权数据库）"	财务数据			毛利率	供给端	定量数据	"1、查询企业的毛利率
2、按产品线/渠道/地区查询毛利率
3、查询毛利率的时间趋势"	企业微观运营中的毛利率，支撑精细化管理决策		企业内部-部门,产品线-渠道-地区,时间序列	企业财务系统,审计报告,Wind,同花顺	日/月	财务
商业数据库	"微观数据
（所有权数据库）"	财务数据			净利率	供给端	定量数据	"1、查询企业的净利率
2、按产品线/渠道/地区查询净利率
3、查询净利率的时间趋势"	企业微观运营中的净利率，支撑精细化管理决策		企业内部-部门,产品线-渠道-地区,时间序列	企业财务系统,审计报告,Wind,同花顺	日/月	财务
商业数据库	"微观数据
（所有权数据库）"	财务数据			EBITDA	供给端	定量数据	"1、查询企业的EBITDA
2、按产品线/渠道/地区查询EBITDA
3、查询EBITDA的时间趋势"	企业微观运营中的EBITDA，支撑精细化管理决策		企业内部-部门,产品线-渠道-地区,时间序列	企业财务系统,审计报告,Wind,同花顺	日/月	财务
商业数据库	"微观数据
（所有权数据库）"	财务数据			现金流	供给端	定量数据	"1、查询企业的现金流
2、按产品线/渠道/地区查询现金流
3、查询现金流的时间趋势"	企业微观运营中的现金流，支撑精细化管理决策		企业内部-部门,产品线-渠道-地区,时间序列	企业财务系统,审计报告,Wind,同花顺	日/月	财务
商业数据库	"微观数据
（所有权数据库）"	财务数据			负债和资本结构	供给端	定量数据	"1、查询企业的负债和资本结构
2、按产品线/渠道/地区查询负债和资本结构
3、查询负债和资本结构的时间趋势"	企业微观运营中的负债和资本结构，支撑精细化管理决策		企业内部-部门,产品线-渠道-地区,时间序列	企业财务系统,审计报告,Wind,同花顺	日/月	财务
商业数据库	"微观数据
（所有权数据库）"	财务数据			成本结构	供给端	定量数据	"1、查询企业的成本结构
2、按产品线/渠道/地区查询成本结构
3、查询成本结构的时间趋势"	企业微观运营中的成本结构，支撑精细化管理决策		企业内部-部门,产品线-渠道-地区,时间序列	企业财务系统,审计报告,Wind,同花顺	日/月	财务
商业数据库	"微观数据
（所有权数据库）"	运营数据			生产效率	供给端	定量数据	"1、查询企业的生产效率
2、按产品线/渠道/地区查询生产效率
3、查询生产效率的时间趋势"	企业微观运营中的生产效率，支撑精细化管理决策		企业内部-部门,产品线-渠道-地区,时间序列	企业ERP/MES系统,供应链管理平台	日/月	运营
商业数据库	"微观数据
（所有权数据库）"	运营数据			库存水平	供给端	定量数据	"1、查询企业的库存水平
2、按产品线/渠道/地区查询库存水平
3、查询库存水平的时间趋势"	企业微观运营中的库存水平，支撑精细化管理决策		企业内部-部门,产品线-渠道-地区,时间序列	企业ERP/MES系统,供应链管理平台	日/月	运营
商业数据库	"微观数据
（所有权数据库）"	运营数据			库存周转率	供给端	定量数据	"1、查询企业的库存周转率
2、按产品线/渠道/地区查询库存周转率
3、查询库存周转率的时间趋势"	企业微观运营中的库存周转率，支撑精细化管理决策		企业内部-部门,产品线-渠道-地区,时间序列	企业ERP/MES系统,供应链管理平台	日/月	运营
商业数据库	"微观数据
（所有权数据库）"	运营数据			供应链效率	供给端	定量数据	"1、查询企业的供应链效率
2、按产品线/渠道/地区查询供应链效率
3、查询供应链效率的时间趋势"	企业微观运营中的供应链效率，支撑精细化管理决策		企业内部-部门,产品线-渠道-地区,时间序列	企业ERP/MES系统,供应链管理平台	日/月	运营
商业数据库	"微观数据
（所有权数据库）"	运营数据			产品质量数据	供给端	定量数据	"1、查询企业的产品质量数据
2、按产品线/渠道/地区查询产品质量数据
3、查询产品质量数据的时间趋势"	企业微观运营中的产品质量数据，支撑精细化管理决策		企业内部-部门,产品线-渠道-地区,时间序列	企业ERP/MES系统,供应链管理平台	日/月	运营
商业数据库	"微观数据
（所有权数据库）"	运营数据			员工绩效数据	供给端	定量数据	"1、查询企业的员工绩效数据
2、按产品线/渠道/地区查询员工绩效数据
3、查询员工绩效数据的时间趋势"	企业微观运营中的员工绩效数据，支撑精细化管理决策		企业内部-部门,产品线-渠道-地区,时间序列	企业ERP/MES系统,供应链管理平台	日/月	运营
社会数据库	政治数据	选举数据			选举日期	供给端	定量数据	"1、查询xx国家的选举日期
2、对比xx国家与xx国家的选举日期
3、查询选举日期的历史变化"	政治领域的选举日期，反映政治生态和治理状况		全球-国家,国家vs国家,国家-时间序列	各国政府官网,世界银行治理指标,自由之家,透明国际,联合国人权理事会	年	政治
社会数据库	政治数据	选举数据			选举人	供给端	定性数据	"1、查询xx国家的选举人
2、对比xx国家与xx国家的选举人
3、查询选举人的历史变化"	政治领域的选举人，反映政治生态和治理状况		全球-国家,国家vs国家,国家-时间序列	各国政府官网,世界银行治理指标,自由之家,透明国际,联合国人权理事会	年	政治
社会数据库	政治数据	选举数据			政党	供给端	定性数据	"1、查询xx国家的政党
2、对比xx国家与xx国家的政党
3、查询政党的历史变化"	政治领域的政党，反映政治生态和治理状况		全球-国家,国家vs国家,国家-时间序列	各国政府官网,世界银行治理指标,自由之家,透明国际,联合国人权理事会	年	政治
社会数据库	政治数据	选举数据			选民登记数量	供给端	定量数据	"1、查询xx国家的选民登记数量
2、对比xx国家与xx国家的选民登记数量
3、查询选民登记数量的历史变化"	政治领域的选民登记数量，反映政治生态和治理状况		全球-国家,国家vs国家,国家-时间序列	各国政府官网,世界银行治理指标,自由之家,透明国际,联合国人权理事会	年	政治
社会数据库	政治数据	选举数据			投票率	供给端	定量数据	"1、查询xx国家的投票率
2、对比xx国家与xx国家的投票率
3、查询投票率的历史变化"	政治领域的投票率，反映政治生态和治理状况		全球-国家,国家vs国家,国家-时间序列	各国政府官网,世界银行治理指标,自由之家,透明国际,联合国人权理事会	年	政治
社会数据库	政治数据	选举数据			选举结果	供给端	定性/定量	"1、查询xx国家的选举结果
2、对比xx国家与xx国家的选举结果
3、查询选举结果的历史变化"	政治领域的选举结果，反映政治生态和治理状况		全球-国家,国家vs国家,国家-时间序列	各国政府官网,世界银行治理指标,自由之家,透明国际,联合国人权理事会	年	政治
社会数据库	政治数据	立法数据			已通过法案	供给端	定性/定量	"1、查询xx国家的已通过法案
2、对比xx国家与xx国家的已通过法案
3、查询已通过法案的历史变化"	政治领域的已通过法案，反映政治生态和治理状况		全球-国家,国家vs国家,国家-时间序列	各国政府官网,世界银行治理指标,自由之家,透明国际,联合国人权理事会	年	政治
社会数据库	政治数据	立法数据			正在提案的法案	供给端	定性/定量	"1、查询xx国家的正在提案的法案
2、对比xx国家与xx国家的正在提案的法案
3、查询正在提案的法案的历史变化"	政治领域的正在提案的法案，反映政治生态和治理状况		全球-国家,国家vs国家,国家-时间序列	各国政府官网,世界银行治理指标,自由之家,透明国际,联合国人权理事会	年	政治
社会数据库	政治数据	立法数据			法律改革的提案	供给端	定性/定量	"1、查询xx国家的法律改革的提案
2、对比xx国家与xx国家的法律改革的提案
3、查询法律改革的提案的历史变化"	政治领域的法律改革的提案，反映政治生态和治理状况		全球-国家,国家vs国家,国家-时间序列	各国政府官网,世界银行治理指标,自由之家,透明国际,联合国人权理事会	年	政治
社会数据库	政治数据	立法数据			投票结果	供给端	定性/定量	"1、查询xx国家的投票结果
2、对比xx国家与xx国家的投票结果
3、查询投票结果的历史变化"	政治领域的投票结果，反映政治生态和治理状况		全球-国家,国家vs国家,国家-时间序列	各国政府官网,世界银行治理指标,自由之家,透明国际,联合国人权理事会	年	政治
社会数据库	政治数据	政策数据			政策声明	供给端	定性数据	"1、查询xx国家的政策声明
2、对比xx国家与xx国家的政策声明
3、查询政策声明的历史变化"	政治领域的政策声明，反映政治生态和治理状况		全球-国家,国家vs国家,国家-时间序列	各国政府官网,世界银行治理指标,自由之家,透明国际,联合国人权理事会	年	政治
社会数据库	政治数据	政策数据			政策改变	供给端	定性数据	"1、查询xx国家的政策改变
2、对比xx国家与xx国家的政策改变
3、查询政策改变的历史变化"	政治领域的政策改变，反映政治生态和治理状况		全球-国家,国家vs国家,国家-时间序列	各国政府官网,世界银行治理指标,自由之家,透明国际,联合国人权理事会	年	政治
社会数据库	政治数据	政策数据			政策影响的评估	供给端	定性/定量	"1、查询xx国家的政策影响的评估
2、对比xx国家与xx国家的政策影响的评估
3、查询政策影响的评估的历史变化"	政治领域的政策影响的评估，反映政治生态和治理状况		全球-国家,国家vs国家,国家-时间序列	各国政府官网,世界银行治理指标,自由之家,透明国际,联合国人权理事会	年	政治
社会数据库	政治数据	政党信息			政党成员数	供给端	定量数据	"1、查询xx国家的政党成员数
2、对比xx国家与xx国家的政党成员数
3、查询政党成员数的历史变化"	政治领域的政党成员数，反映政治生态和治理状况		全球-国家,国家vs国家,国家-时间序列	各国政府官网,世界银行治理指标,自由之家,透明国际,联合国人权理事会	年	政治
社会数据库	政治数据	政党信息			领导人	供给端	定性数据	"1、查询xx国家的领导人
2、对比xx国家与xx国家的领导人
3、查询领导人的历史变化"	政治领域的领导人，反映政治生态和治理状况		全球-国家,国家vs国家,国家-时间序列	各国政府官网,世界银行治理指标,自由之家,透明国际,联合国人权理事会	年	政治
社会数据库	政治数据	政党信息			政策立场	供给端	定性数据	"1、查询xx国家的政策立场
2、对比xx国家与xx国家的政策立场
3、查询政策立场的历史变化"	政治领域的政策立场，反映政治生态和治理状况		全球-国家,国家vs国家,国家-时间序列	各国政府官网,世界银行治理指标,自由之家,透明国际,联合国人权理事会	年	政治
社会数据库	政治数据	政党信息			历史纪录	供给端	定性数据	"1、查询xx国家的历史纪录
2、对比xx国家与xx国家的历史纪录
3、查询历史纪录的历史变化"	政治领域的历史纪录，反映政治生态和治理状况		全球-国家,国家vs国家,国家-时间序列	各国政府官网,世界银行治理指标,自由之家,透明国际,联合国人权理事会	年	政治
社会数据库	政治数据	公共意见数据			民意调查结果	供给端	定性/定量	"1、查询xx国家的民意调查结果
2、对比xx国家与xx国家的民意调查结果
3、查询民意调查结果的历史变化"	政治领域的民意调查结果，反映政治生态和治理状况		全球-国家,国家vs国家,国家-时间序列	各国政府官网,世界银行治理指标,自由之家,透明国际,联合国人权理事会	年	政治
社会数据库	政治数据	公共意见数据			公众对于特定问题的观点	供给端	定性/定量	"1、查询xx国家的公众对于特定问题的观点
2、对比xx国家与xx国家的公众对于特定问题的观点
3、查询公众对于特定问题的观点的历史变化"	政治领域的公众对于特定问题的观点，反映政治生态和治理状况		全球-国家,国家vs国家,国家-时间序列	各国政府官网,世界银行治理指标,自由之家,透明国际,联合国人权理事会	年	政治
社会数据库	政治数据	政府预算算和开支			政府收入来源	供给端	定量数据	"1、查询xx国家的政府收入来源
2、对比xx国家与xx国家的政府收入来源
3、查询政府收入来源的历史变化"	政治领域的政府收入来源，反映政治生态和治理状况		全球-国家,国家vs国家,国家-时间序列	各国政府官网,世界银行治理指标,自由之家,透明国际,联合国人权理事会	年	政治
社会数据库	政治数据	政府预算算和开支			预算分配	供给端	定量数据	"1、查询xx国家的预算分配
2、对比xx国家与xx国家的预算分配
3、查询预算分配的历史变化"	政治领域的预算分配，反映政治生态和治理状况		全球-国家,国家vs国家,国家-时间序列	各国政府官网,世界银行治理指标,自由之家,透明国际,联合国人权理事会	年	政治
社会数据库	政治数据	政府预算算和开支			实际开支	供给端	定量数据	"1、查询xx国家的实际开支
2、对比xx国家与xx国家的实际开支
3、查询实际开支的历史变化"	政治领域的实际开支，反映政治生态和治理状况		全球-国家,国家vs国家,国家-时间序列	各国政府官网,世界银行治理指标,自由之家,透明国际,联合国人权理事会	年	政治
社会数据库	政治数据	国际关系数据			国际条约	供给端	定性/定量	"1、查询xx国家的国际条约
2、对比xx国家与xx国家的国际条约
3、查询国际条约的历史变化"	政治领域的国际条约，反映政治生态和治理状况		全球-国家,国家vs国家,国家-时间序列	各国政府官网,世界银行治理指标,自由之家,透明国际,联合国人权理事会	年	政治
社会数据库	政治数据	国际关系数据			外交关系	供给端	定性/定量	"1、查询xx国家的外交关系
2、对比xx国家与xx国家的外交关系
3、查询外交关系的历史变化"	政治领域的外交关系，反映政治生态和治理状况		全球-国家,国家vs国家,国家-时间序列	各国政府官网,世界银行治理指标,自由之家,透明国际,联合国人权理事会	年	政治
社会数据库	政治数据	国际关系数据			冲突和谈判	供给端	定性/定量	"1、查询xx国家的冲突和谈判
2、对比xx国家与xx国家的冲突和谈判
3、查询冲突和谈判的历史变化"	政治领域的冲突和谈判，反映政治生态和治理状况		全球-国家,国家vs国家,国家-时间序列	各国政府官网,世界银行治理指标,自由之家,透明国际,联合国人权理事会	年	政治
社会数据库	政治数据	人权纪录			言论自由	供给端	定性数据	"1、查询xx国家的言论自由
2、对比xx国家与xx国家的言论自由
3、查询言论自由的历史变化"	政治领域的言论自由，反映政治生态和治理状况		全球-国家,国家vs国家,国家-时间序列	各国政府官网,世界银行治理指标,自由之家,透明国际,联合国人权理事会	年	政治
社会数据库	政治数据	人权纪录			集会自由	供给端	定性数据	"1、查询xx国家的集会自由
2、对比xx国家与xx国家的集会自由
3、查询集会自由的历史变化"	政治领域的集会自由，反映政治生态和治理状况		全球-国家,国家vs国家,国家-时间序列	各国政府官网,世界银行治理指标,自由之家,透明国际,联合国人权理事会	年	政治
社会数据库	政治数据	人权纪录			宗教自由	供给端	定性数据	"1、查询xx国家的宗教自由
2、对比xx国家与xx国家的宗教自由
3、查询宗教自由的历史变化"	政治领域的宗教自由，反映政治生态和治理状况		全球-国家,国家vs国家,国家-时间序列	各国政府官网,世界银行治理指标,自由之家,透明国际,联合国人权理事会	年	政治
社会数据库	政治数据	政府结构和行政区划			政府部门的组织结构	供给端	定性数据	"1、查询xx国家的政府部门的组织结构
2、对比xx国家与xx国家的政府部门的组织结构
3、查询政府部门的组织结构的历史变化"	政治领域的政府部门的组织结构，反映政治生态和治理状况		全球-国家,国家vs国家,国家-时间序列	各国政府官网,世界银行治理指标,自由之家,透明国际,联合国人权理事会	年	政治
社会数据库	政治数据	政府结构和行政区划			行政区划的设置	供给端	定性数据	"1、查询xx国家的行政区划的设置
2、对比xx国家与xx国家的行政区划的设置
3、查询行政区划的设置的历史变化"	政治领域的行政区划的设置，反映政治生态和治理状况		全球-国家,国家vs国家,国家-时间序列	各国政府官网,世界银行治理指标,自由之家,透明国际,联合国人权理事会	年	政治
社会数据库	政治数据	政治风险			政治稳定性	供给端	定性/定量	"1、查询xx国家的政治稳定性
2、对比xx国家与xx国家的政治稳定性
3、查询政治稳定性的历史变化"	政治领域的政治稳定性，反映政治生态和治理状况		全球-国家,国家vs国家,国家-时间序列	各国政府官网,世界银行治理指标,自由之家,透明国际,联合国人权理事会	年	政治
社会数据库	政治数据	政治风险			侵权风险	供给端	定性/定量	"1、查询xx国家的侵权风险
2、对比xx国家与xx国家的侵权风险
3、查询侵权风险的历史变化"	政治领域的侵权风险，反映政治生态和治理状况		全球-国家,国家vs国家,国家-时间序列	各国政府官网,世界银行治理指标,自由之家,透明国际,联合国人权理事会	年	政治
社会数据库	政治数据	政治风险			冲突风险	供给端	定性/定量	"1、查询xx国家的冲突风险
2、对比xx国家与xx国家的冲突风险
3、查询冲突风险的历史变化"	政治领域的冲突风险，反映政治生态和治理状况		全球-国家,国家vs国家,国家-时间序列	各国政府官网,世界银行治理指标,自由之家,透明国际,联合国人权理事会	年	政治
社会数据库	政治数据	腐败治理												
专业应用数据库	中医数据库	医案问诊数据库												
专业应用数据库	中医数据库	疗法辩证数据库												
专业应用数据库	农业数据库	作物种植数据库												
专业应用数据库	农业数据库	气候数据库												
专业应用数据库	农业数据库	土壤质量数据库												
专业应用数据库	农业数据库	农作物病虫害数据库												
专业应用数据库	医疗数据库	病例数据库												
专业应用数据库	医疗数据库	药品数据库												
专业应用数据库	医疗数据库	医疗设备数据库												
科研数据库														